Tiempo (ms);IR;AMB_IR;RED;AMB_RED
5014;65521;20749;65521;20747
5031;65521;20447;65521;20504
5048;65521;20189;65521;20241
5063;65521;19920;65521;19975
5080;65521;19608;65521;19625
5097;65521;19244;65521;19249
5113;65521;18844;65521;18899
5130;65521;18612;65521;18643
5147;65521;18412;65521;18444
5163;65309;18208;65521;18241
5180;65150;17888;65521;17912
5197;64603;17515;65521;17506
5213;63987;16775;65521;16865
5230;63339;16060;65521;16048
5247;62695;15432;65521;15444
5263;62131;14834;65521;14893
5280;61615;14271;65521;14264
5297;61006;13726;65521;13713
5313;60641;13282;65521;13342
5330;60413;13024;65521;13042
5347;60090;12747;65521;12778
5363;59768;12518;65521;12547
5380;59425;12294;65521;12316
5397;59232;12202;65521;12226
5413;59151;12145;65521;12181
5430;59106;12116;65521;12141
5447;59055;12055;65521;12088
5463;58935;11899;65521;11929
5480;58885;11825;65521;11856
5497;58866;11775;65521;11803
5513;58847;11718;65521;11761
5530;58876;11715;65521;11742
5547;58830;11637;65521;11670
5563;58658;11443;65521;11475
5580;58478;11236;65521;11257
5597;58194;10996;65521;11002
5613;58023;10770;65521;10816
5630;57972;10713;65521;10733
5647;57915;10640;65521;10681
5663;57829;10549;65521;10584
5680;57710;10406;65521;10423
5697;57481;10193;65521;10195
5713;57338;9977;65521;10020
5730;57388;10035;65521;10075
5747;57564;10186;65521;10211
5763;57586;10177;65521;10198
5780;57534;10103;65521;10135
5797;57420;9963;65521;10001
5813;57286;9815;65521;9855
5830;57218;9719;65521;9736
5847;57158;9665;65521;9685
5863;57217;9749;65521;9766
5880;57271;9893;65521;9944
5897;57198;9948;65521;9988
5913;56985;9845;65521;9891
5930;56735;9656;65521;9686
5947;56616;9565;65521;9595
5963;56547;9490;65521;9514
5980;56568;9488;65521;9518
5997;56661;9541;65521;9575
6014;56734;9582;65521;9614
6030;56807;9628;65521;9658
6047;56903;9688;65521;9710
6064;56914;9680;65521;9699
6079;56858;9598;65521;9626
6096;56804;9517;65521;9539
6113;56744;9472;65521;9496
6129;56703;9404;65521;9441
6146;56704;9398;65521;9448
6163;56803;9460;65521;9509
6179;56830;9494;65521;9518
6196;56826;9466;65521;9489
6213;56741;9395;65521;9414
6229;56658;9251;65521;9297
6246;56592;9185;65521;9230
6263;56655;9196;65521;9239
6279;56715;9234;65521;9261
6296;56843;9337;65521;9369
6313;56957;9426;65521;9447
6329;56949;9387;65521;9433
6346;56910;9333;65521;9373
6363;56840;9226;65521;9263
6379;56763;9163;65521;9189
6396;56666;9133;65521;9149
6413;56478;9087;65521;9104
6429;56288;8991;65521;9026
6446;56116;8897;65521;8938
6463;56035;8853;65521;8890
6479;55961;8793;65521;8815
6496;56041;8842;65521;8864
6513;56213;8959;65521;8998
6529;56313;9022;65521;9049
6546;56347;9037;65521;9069
6563;56339;8986;65521;9013
6579;56261;8883;65521;8914
6596;56180;8772;65521;8786
6613;56054;8654;65521;8673
6629;56033;8595;65521;8636
6646;55965;8529;65521;8564
6663;55904;8465;65521;8487
6679;55849;8397;65521;8420
6696;55790;8313;65521;8320
6713;55736;8244;65521;8289
6729;55745;8231;65521;8268
6746;55754;8225;65521;8271
6763;55785;8240;65521;8266
6779;55707;8131;65521;8166
6796;55603;8001;65521;8019
6813;55477;7845;65521;7892
6829;55366;7716;65521;7762
6846;55264;7609;65521;7639
6863;55180;7505;65521;7524
6879;55140;7439;65521;7464
6896;55165;7442;65521;7467
6913;55141;7418;65521;7460
6929;55022;7364;65521;7406
6946;54866;7317;65521;7354
6963;54670;7263;65521;7277
6979;54557;7211;65521;7228
6996;54545;7222;65521;7234
7013;54563;7231;65521;7260
7030;54620;7254;65521;7284
7046;54653;7236;65521;7277
7063;54672;7224;65521;7245
7080;54618;7139;65521;7169
7095;54577;7059;65521;7098
7112;54548;6987;65521;7008
7129;54448;6867;65521;6891
7145;54313;6693;65521;6727
7162;54198;6575;65521;6607
7179;54048;6433;65521;6449
7195;53943;6283;65521;6329
7212;53808;6136;65521;6158
7229;53588;5933;65521;5950
7245;53474;5778;65521;5796
7262;53358;5657;65521;5683
7279;53338;5610;65521;5634
7295;53370;5611;65521;5647
7312;53328;5545;65521;5556
7329;53125;5355;65521;5368
7345;52939;5117;65521;5160
7362;52744;4915;65521;4939
7379;52655;4824;65521;4848
7395;52653;4779;65521;4819
7412;52602;4704;65521;4714
7429;52511;4613;65521;4634
7445;52423;4537;65521;4560
7462;52240;4430;65521;4447
7479;52003;4307;65521;4332
7495;51846;4258;65521;4289
7512;51762;4240;65521;4270
7529;51766;4258;65521;4292
7545;51772;4268;65521;4283
7562;51726;4201;65521;4224
7579;51753;4179;65521;4202
7595;51746;4144;65521;4185
7612;51752;4119;65521;4134
7629;51725;4047;65521;4086
7645;51614;3894;65521;3931
7662;51408;3680;65521;3696
7679;51215;3462;65521;3496
7695;51148;3383;65521;3420
7712;51112;3338;65521;3362
7729;51050;3281;65521;3304
7745;51023;3237;65521;3255
7762;51030;3233;65521;3252
7779;50964;3155;65521;3184
7795;50889;3047;65521;3082
7812;50745;2875;65521;2872
7829;50520;2628;65521;2669
7845;50340;2439;65521;2467
7862;50155;2231;65521;2248
7879;49987;2040;65521;2074
7895;49903;1927;65521;1964
7912;49799;1806;65521;1814
7929;49738;1722;65521;1752
7945;49737;1700;65521;1721
7962;49745;1718;65521;1742
7979;49682;1703;65521;1725
7995;49585;1718;65521;1758
8012;49478;1727;65521;1747
8029;49304;1672;65521;1710
8046;49219;1646;65521;1672
8062;49167;1616;65521;1646
8079;49156;1602;65521;1622
8096;49201;1617;65521;1647
8111;49239;1643;65521;1665
8128;49276;1657;65521;1681
8145;49307;1626;65521;1656
8161;49301;1601;65521;1624
8178;49278;1558;65521;1576
8195;49257;1528;65521;1545
8211;49177;1428;65521;1459
8228;49100;1354;65521;1362
8245;49028;1269;65521;1293
8261;48944;1176;65521;1198
8278;48905;1130;65521;1152
8295;48898;1109;65521;1132
8311;48918;1090;65521;1131
8328;48916;1067;65521;1091
8345;48865;990;65521;1017
8361;48869;977;65521;994
8378;48886;962;65521;979
8395;48840;916;65521;931
8411;48737;776;65521;820
8428;48620;640;65521;649
8445;48495;501;65521;520
8461;48437;416;65521;428
8478;48411;370;65521;391
8495;48437;405;65521;435
8511;48385;437;65521;459
8528;48249;434;65521;450
8545;48066;371;65521;384
8561;47946;331;65521;350
8578;47945;355;65521;377
8595;48045;448;65521;478
8611;48168;537;65521;575
8628;48208;567;65521;585
8645;48248;566;65521;592
8661;48258;555;65521;566
8678;48263;530;65521;546
8695;48248;495;65521;518
8711;48192;412;65521;450
8728;48092;301;65521;318
8745;47955;158;65521;182
8761;47882;80;65521;107
8778;47778;65517;65521;9
8795;47873;63;65521;83
8811;47923;95;65521;123
8828;47868;25;65521;42
8845;47815;65486;65521;65513
8861;47827;65497;65521;65503
8878;47950;59;65521;98
8895;48155;227;65521;248
8911;48268;321;65521;355
8928;48299;321;65521;336
8945;48230;230;65521;251
8961;48119;106;65521;129
8978;48080;43;65521;58
8995;48113;46;65521;80
9011;48188;101;65521;117
9028;48165;89;65521;104
9045;47980;65519;65521;1
9062;47735;65384;65521;65405
9078;47475;65226;65521;65239
9095;47316;65179;65521;65205
9112;47378;65270;65521;65285
9127;47390;65286;65521;65313
9144;47384;65281;65521;65308
9161;47454;65304;65521;65328
9177;47489;65324;65521;65349
9194;47594;65400;65521;65415
9211;47667;65447;65521;65471
9227;47673;65431;65521;65451
9244;47661;65401;65521;65424
9261;47601;65328;65521;65349
9277;47481;65185;65521;65221
9294;47373;65064;65521;65073
9311;47293;64982;65521;65005
9327;47305;64993;65521;65017
9344;47334;65012;65521;65051
9361;47371;65045;65521;65051
9377;47410;65064;65521;65087
9394;47516;65131;65521;65155
9411;47585;65190;65521;65211
9427;47663;65238;65521;65248
9444;47664;65225;65521;65242
9461;47713;65239;65521;65251
9477;47775;65273;65521;65298
9494;47828;65304;65521;65324
9511;47925;65384;65521;65396
9527;47982;65415;65521;65436
9544;47953;65376;65521;65391
9561;47911;65304;65521;65321
9577;47839;65233;65521;65269
9594;47744;65200;65521;65218
9611;47640;65211;65521;65240
9627;47561;65256;65521;65271
9644;47467;65253;65521;65275
9661;47417;65248;65521;65263
9677;47379;65197;65521;65229
9694;47333;65142;65521;65156
9711;47338;65108;65521;65137
9727;47402;65147;65521;65161
9744;47453;65167;65521;65189
9761;47497;65172;65521;65197
9777;47554;65202;65521;65230
9794;47579;65207;65521;65222
9811;47500;65113;65521;65147
9827;47513;65120;65521;65138
9844;47510;65123;65521;65153
9861;47509;65107;65521;65120
9877;47494;65089;65521;65115
9894;47484;65056;65521;65070
9911;47482;65043;65521;65074
9927;47390;64937;65521;64960
9944;47250;64780;65521;64798
9961;47224;64734;65521;64744
9977;47350;64832;65521;64863
9994;47486;64952;65521;64972
10011;47604;65036;65521;65062
10027;47660;65067;65521;65088
10044;47568;64953;65521;64965
10061;47398;64766;65521;64791
10078;47339;64678;65521;64695
10094;47426;64741;65521;64771
10111;47515;64807;65521;64835
10128;47507;64816;65521;64842
10143;47359;64740;65521;64757
10160;47136;64629;65521;64644
10177;46884;64516;65521;64528
10193;46748;64438;65521;64470
10210;46719;64438;65521;64458
10227;46746;64457;65521;64496
10243;46800;64515;65521;64525
10260;46841;64525;65521;64559
10277;46910;64552;65521;64579
10293;47016;64629;65521;64658
10310;47169;64759;65521;64788
10327;47324;64881;65521;64891
10343;47454;64989;65521;64991
10360;47529;65036;65521;65057
10377;47560;65042;65521;65072
10393;47579;65051;65521;65072
10410;47655;65118;65521;65141
10427;47800;65253;65521;65264
10443;47901;65347;65521;65359
10460;47966;65383;65521;65413
10477;48004;65406;65521;65429
10493;48040;65419;65521;65446
10510;48055;65422;65521;65445
10527;48097;65443;65521;65451
10543;48138;65456;65521;65470
10560;48177;65483;65521;65505
10577;48209;65495;65521;65524
10593;48235;65496;65521;65529
10610;48203;65442;65521;65472
10627;48206;65424;65521;65446
10643;48225;65430;65521;65441
10660;48294;65479;65521;65509
10677;48336;65510;65521;11
10693;48261;65496;65521;65535
10710;48079;65411;65521;65425
10727;47887;65358;65521;65379
10743;47754;65322;65521;65327
10760;47713;65323;65521;65351
10777;47741;65356;65521;65382
10793;47802;65408;65521;65433
10810;47859;65432;65521;65451
10827;47891;65448;65521;65468
10843;47897;65439;65521;65453
10860;47883;65404;65521;65432
10877;47904;65405;65521;65430
10893;48002;65462;65521;65480
10910;48072;1;65521;22
10927;48162;79;65521;86
10943;48217;123;65521;151
10960;48229;119;65521;139
10977;48227;109;65521;135
10993;48224;92;65521;116
11010;48216;77;65521;101
11027;48250;93;65521;120
11043;48289;125;65521;156
11060;48338;139;65521;166
11077;48332;115;65521;150
11094;48312;72;65521;93
11110;48279;39;65521;62
11127;48307;33;65521;59
11144;48309;38;65521;71
11159;48332;34;65521;54
11176;48370;57;65521;67
11193;48333;65532;65521;21
11209;48326;65509;65521;65527
11226;48322;65491;65521;65510
11243;48252;65440;65521;65458
11259;48131;65396;65521;65415
11276;48054;65414;65521;65425
11293;47901;65385;65521;65407
11309;47843;65398;65521;65417
11326;47818;65391;65521;65425
11343;47812;65387;65521;65400
11359;47829;65386;65521;65402
11376;47938;65455;65521;65476
11393;48035;65533;65521;16
11409;48130;69;65521;83
11426;48174;95;65521;133
11443;48158;74;65521;81
11459;48110;65528;65521;17
11476;48095;65498;65521;65512
11493;48097;65491;65521;65519
11509;48101;65489;65521;65513
11526;48083;65470;65521;65495
11543;48045;65427;65521;65447
11559;47954;65327;65521;65353
11576;47891;65251;65521;65252
11593;47837;65174;65521;65203
11609;47801;65131;65521;65156
11626;47805;65128;65521;65164
11643;47854;65156;65521;65167
11659;47839;65121;65521;65136
11676;47857;65104;65521;65119
11693;47893;65117;65521;65141
11709;47918;65134;65521;65151
11726;47931;65127;65521;65153
11743;47937;65116;65521;65129
11759;47940;65097;65521;65114
11776;47942;65081;65521;65096
11793;47961;65069;65521;65105
11809;48000;65095;65521;65117
11826;47989;65080;65521;65107
11843;47987;65114;65521;65123
11859;47948;65167;65521;65185
11876;47908;65224;65521;65247
11893;47841;65272;65521;65298
11909;47764;65247;65521;65262
11926;47652;65147;65521;65162
11943;47582;65075;65521;65085
11959;47588;65057;65521;65078
11976;47658;65110;65521;65132
11993;47761;65181;65521;65208
12009;47841;65241;65521;65255
12026;47869;65237;65521;65265
12043;47868;65231;65521;65240
12059;47882;65214;65521;65242
12076;47885;65226;65521;65236
12093;47857;65169;65521;65197
12110;47788;65084;65521;65116
12126;47719;65023;65521;65044
12143;47677;64978;65521;64993
12160;47682;64959;65521;64991
12175;47735;65003;65521;65025
12192;47810;65071;65521;65092
12209;47862;65094;65521;65117
12225;47842;65065;65521;65082
12242;47805;64998;65521;65029
12259;47768;64958;65521;64973
12275;47800;64957;65521;64985
12292;47850;64985;65521;65006
12309;47880;64996;65521;65023
12325;47910;65011;65521;65030
12342;47913;65003;65521;65023
12359;47928;65002;65521;65020
12375;47959;65002;65521;65035
12392;47948;64981;65521;64997
12409;47941;64953;65521;64984
12425;47889;64891;65521;64916
12442;47806;64831;65521;64859
12459;47691;64789;65521;64819
12475;47613;64818;65521;64841
12492;47562;64860;65521;64882
12509;47532;64915;65521;64939
12525;47533;64958;65521;64968
12542;47565;64977;65521;65013
12559;47570;64958;65521;64985
12575;47573;64933;65521;64962
12592;47584;64919;65521;64933
12609;47611;64913;65521;64942
12625;47637;64918;65521;64932
12642;47660;64919;65521;64951
12659;47718;64959;65521;64971
12675;47781;64995;65521;65023
12692;47843;65040;65521;65059
12709;47843;65034;65521;65067
12725;47839;65033;65521;65057
12742;47827;65012;65521;65046
12759;47831;65005;65521;65030
12775;47894;65052;65521;65068
12792;47968;65113;65521;65126
12809;48030;65151;65521;65162
12825;48083;65173;65521;65200
12842;48074;65137;65521;65161
12859;48062;65114;65521;65132
12875;48138;65168;65521;65184
12892;48237;65238;65521;65267
12909;48305;65290;65521;65308
12925;48336;65294;65521;65311
12942;48305;65240;65521;65267
12959;48289;65208;65521;65222
12975;48302;65202;65521;65216
12992;48361;65245;65521;65259
13009;48447;65290;65521;65312
13025;48447;65307;65521;65332
13042;48334;65251;65521;65273
13059;48133;65146;65521;65179
13075;47918;65041;65521;65045
13092;47681;64935;65521;64952
13109;47567;64847;65521;64879
13126;47507;64815;65521;64836
13142;47525;64809;65521;64831
13159;47541;64822;65521;64840
13176;47574;64811;65521;64830
13191;47595;64819;65521;64840
13208;47622;64824;65521;64851
13225;47670;64848;65521;64858
13241;47677;64839;65521;64854
13258;47717;64845;65521;64865
13275;47767;64874;65521;64896
13291;47807;64897;65521;64919
13308;47860;64941;65521;64961
13325;47902;64976;65521;64983
13341;47896;64950;65521;64971
13358;47898;64928;65521;64947
13375;47905;64909;65521;64947
13391;47882;64885;65521;64913
13408;47845;64827;65521;64847
13425;47829;64793;65521;64810
13441;47928;64860;65521;64884
13458;47593;64525;65521;64556
13475;47781;64695;65521;64711
13491;47881;64753;65521;64792
13508;47773;64640;65521;64652
13525;47766;64612;65521;64624
13541;47728;64573;65521;64583
13558;47687;64495;65521;64505
13575;47711;64508;65521;64530
13591;47758;64534;65521;64543
13608;47750;64519;65521;64530
13625;47650;64437;65521;64457
13641;47470;64343;65521;64369
13658;47281;64253;65521;64275
13675;47125;64211;65521;64237
13691;47051;64205;65521;64230
13708;47022;64204;65521;64228
13725;47043;64229;65521;64233
13741;47066;64229;65521;64262
13758;47094;64238;65521;64256
13775;47086;64190;65521;64222
13791;47071;64159;65521;64173
13808;47088;64152;65521;64179
13825;47095;64149;65521;64164
13841;47088;64120;65521;64145
13858;47080;64098;65521;64119
13875;47066;64073;65521;64096
13891;47059;64052;65521;64063
13908;47051;64039;65521;64055
13925;47061;64050;65521;64055
13941;47071;64039;65521;64065
13958;47098;64055;65521;64068
13975;47106;64037;65521;64066
13991;47085;63999;65521;64005
14008;47085;63983;65521;64010
14025;47219;64111;65521;64117
14041;47391;64269;65521;64298
14058;47502;64350;65521;64373
14075;47497;64320;65521;64356
14091;47375;64180;65521;64186
14108;47158;63984;65521;63992
14125;46985;63774;65521;63797
14141;46897;63675;65521;63702
14158;46963;63700;65521;63728
14175;47020;63757;65521;63780
14192;47039;63759;65521;63768
14207;47007;63723;65521;63738
14224;46943;63657;65521;63680
14241;46830;63582;65521;63605
14257;46768;63601;65521;63628
14274;46720;63652;65521;63662
14291;46617;63665;65521;63691
14307;46567;63680;65521;63692
14324;46533;63665;65521;63696
14341;46543;63679;65521;63697
14357;46604;63715;65521;63738
14374;46682;63771;65521;63782
14391;46721;63776;65521;63796
14407;46763;63807;65521;63817
14424;46793;63815;65521;63839
14441;46850;63845;65521;63856
14457;46865;63843;65521;63875
14474;46919;63878;65521;63894
14491;46936;63902;65521;63922
14507;46972;63937;65521;63953
14524;46980;63930;65521;63965
14541;46988;63929;65521;63938
14557;46989;63919;65521;63939
14574;47048;63959;65521;63980
14591;47101;64003;65521;64028
14607;47150;64035;65521;64053
14624;47116;63984;65521;64012
14641;47122;63973;65521;63982
14657;47174;64002;65521;64025
14674;47253;64070;65521;64085
14691;47339;64118;65521;64143
14707;47385;64157;65521;64180
14724;47367;64119;65521;64136
14741;47343;64080;65521;64096
14757;47368;64089;65521;64102
14774;47399;64101;65521;64117
14791;47405;64090;65521;64110
14807;47436;64117;65521;64135
14824;47454;64096;65521;64125
14841;47420;64056;65521;64080
14857;47353;64009;65521;64021
14874;47247;63994;65521;64003
14891;47184;64000;65521;64028
14907;47064;63995;65521;64014
14924;46942;63951;65521;63978
14941;46870;63925;65521;63943
14957;46835;63888;65521;63901
14974;46860;63899;65521;63912
14991;46895;63897;65521;63925
15007;46919;63904;65521;63930
15024;46966;63905;65521;63933
15041;46975;63901;65521;63912
15057;46954;63845;65521;63860
15074;46911;63801;65521;63814
15091;46960;63826;65521;63845
15107;46978;63825;65521;63847
15124;46937;63775;65521;63793
15141;46929;63779;65521;63792
15157;46964;63790;65521;63812
15174;46971;63791;65521;63809
15191;46975;63770;65521;63792
15208;46982;63771;65521;63793
15223;46973;63749;65521;63758
15240;46988;63744;65521;63767
15257;47059;63780;65521;63813
15273;47135;63822;65521;63854
15290;47145;63821;65521;63838
15307;47130;63784;65521;63802
15323;47082;63714;65521;63732
15340;47041;63651;65521;63672
15357;47076;63664;65521;63690
15373;47163;63746;65521;63764
15390;47250;63796;65521;63809
15407;47268;63801;65521;63812
15423;47241;63745;65521;63774
15440;47205;63689;65521;63720
15457;47179;63687;65521;63717
15473;47172;63730;65521;63752
15490;47098;63759;65521;63770
15507;46976;63765;65521;63773
15523;46848;63708;65521;63733
15540;46746;63655;65521;63673
15557;46744;63668;65521;63694
15573;46822;63734;65521;63753
15590;46928;63819;65521;63845
15607;46973;63839;65521;63857
15623;46925;63761;65521;63781
15640;46834;63653;65521;63664
15657;46784;63575;65521;63603
15673;46790;63553;65521;63578
15690;46835;63592;65521;63617
15707;46883;63638;65521;63648
15723;46881;63608;65521;63640
15740;46876;63593;65521;63612
15757;46921;63620;65521;63650
15773;46977;63669;65521;63685
15790;47024;63710;65521;63725
15807;47102;63770;65521;63779
15823;47102;63754;65521;63773
15840;47065;63698;65521;63718
15857;47047;63660;65521;63691
15873;47062;63653;65521;63665
15890;47072;63657;65521;63679
15907;47111;63679;65521;63687
15923;47102;63657;65521;63675
15940;47081;63607;65521;63625
15957;47065;63567;65521;63597
15973;47069;63563;65521;63579
15990;47096;63563;65521;63578
16007;47143;63602;65521;63609
16023;47209;63645;65521;63670
16040;47241;63649;65521;63671
16057;47228;63651;65521;63678
16073;47148;63650;65521;63666
16090;47030;63655;65521;63662
16107;46915;63638;65521;63652
16123;46791;63597;65521;63625
16140;46705;63559;65521;63580
16157;46735;63587;65521;63614
16173;46787;63630;65521;63646
16190;46847;63674;65521;63686
16207;46890;63694;65521;63707
16224;46844;63629;65521;63646
16239;46793;63561;65521;63582
16256;46825;63568;65521;63576
16273;46813;63536;65521;63568
16289;46823;63542;65521;63554
16306;46812;63514;65521;63531
16323;46755;63465;65521;63475
16339;46711;63406;65521;63423
16356;46748;63430;65521;63439
16373;46770;63439;65521;63462
16389;46825;63495;65521;63517
16406;46877;63517;65521;63539
16423;46865;63505;65521;63515
16439;46830;63442;65521;63462
16456;46839;63442;65521;63459
16473;46875;63447;65521;63473
16489;46928;63482;65521;63503
16506;46974;63498;65521;63526
16523;46965;63487;65521;63501
16539;46925;63425;65521;63449
16556;46906;63389;65521;63408
16573;46930;63403;65521;63414
16589;46989;63426;65521;63446
16606;47029;63444;65521;63466
16623;47037;63436;65521;63446
16639;47034;63422;65521;63438
16656;47022;63421;65521;63432
16673;46991;63387;65521;63417
16689;46893;63379;65521;63391
16706;46726;63324;65521;63343
16723;46550;63269;65521;63280
16739;46431;63214;65521;63241
16756;46386;63221;65521;63241
16773;46382;63209;65521;63242
16789;46389;63198;65521;63216
16806;46380;63170;65521;63185
16823;46362;63148;65521;63165
16839;46384;63143;65521;63167
16856;46391;63157;65521;63170
16873;46388;63124;65521;63141
16889;46367;63080;65521;63099
16906;46334;63038;65521;63064
16923;46315;63016;65521;63032
16939;46349;63051;65521;63076
16956;46408;63117;65521;63116
16973;46455;63129;65521;63148
16989;46459;63131;65521;63146
17006;46460;63111;65521;63138
17023;46478;63121;65521;63129
17039;46519;63161;65521;63178
17056;46614;63236;65521;63249
17073;46644;63233;65521;63263
17089;46604;63184;65521;63197
17106;46573;63130;65521;63158
17123;46538;63102;65521;63118
17139;46545;63080;65521;63105
17156;46601;63129;65521;63150
17173;46646;63150;65521;63168
17190;46690;63173;65521;63197
17206;46795;63251;65521;63281
17223;46841;63307;65521;63318
17240;46866;63320;65521;63346
17255;46908;63338;65521;63345
17272;46885;63290;65521;63306
17289;46813;63227;65521;63249
17305;46762;63206;65521;63227
17322;46609;63150;65521;63169
17339;46369;63025;65521;63049
17355;46205;62987;65521;62991
17372;46112;62968;65521;62986
17389;46038;62927;65521;62953
17405;46006;62898;65521;62928
17422;46078;62933;65521;62960
17439;46098;62937;65521;62961
17455;46116;62933;65521;62947
17472;46108;62924;65521;62931
17489;46084;62866;65521;62892
17505;46066;62840;65521;62861
17522;46155;62888;65521;62925
17539;46269;63017;65521;63023
17555;46372;63076;65521;63086
17572;46370;63089;65521;63100
17589;46385;63087;65521;63113
17605;46370;63067;65521;63087
17622;46366;63040;65521;63069
17639;46376;63058;65521;63073
17655;46397;63055;65521;63065
17672;46446;63092;65521;63099
17689;46423;63044;65521;63069
17705;46363;62965;65521;62985
17722;46316;62889;65521;62912
17739;46285;62866;65521;62881
17755;46303;62844;65521;62853
17772;46305;62836;65521;62849
17789;46378;62884;65521;62908
17805;46496;62971;65521;63011
17822;46642;63063;65521;63097
17839;46817;63235;65521;63233
17855;47061;63438;65521;63465
17872;47320;63656;65521;63681
17889;47471;63782;65521;63802
17905;47489;63795;65521;63813
17922;47321;63685;65521;63698
17939;47114;63570;65521;63588
17955;46966;63532;65521;63545
17972;46830;63514;65521;63532
17989;46780;63512;65521;63532
18005;46695;63460;65521;63475
18022;46588;63341;65521;63357
18039;46502;63260;65521;63283
18055;46514;63246;65521;63256
18072;46513;63234;65521;63253
18089;46523;63218;65521;63236
18105;46499;63173;65521;63195
18122;46473;63116;65521;63140
18139;46454;63101;65521;63125
18155;46491;63111;65521;63127
18172;46515;63132;65521;63147
18189;46551;63144;65521;63168
18206;46539;63138;65521;63159
18222;46500;63098;65521;63107
18239;46488;63085;65521;63092
18256;46511;63080;65521;63093
18271;46514;63056;65521;63074
18288;46472;63022;65521;63040
18305;46472;63007;65521;63026
18321;46466;62998;65521;63017
18338;46511;63013;65521;63032
18355;46592;63070;65521;63092
18371;46606;63063;65521;63075
18388;46566;63019;65521;63029
18405;46514;62943;65521;62958
18421;46436;62860;65521;62882
18438;46504;62901;65521;62925
18455;46711;63104;65521;63117
18471;46887;63268;65521;63289
18488;46955;63330;65521;63345
18505;46850;63198;65521;63225
18521;46593;62962;65521;62974
18538;46301;62764;65521;62773
18555;46153;62701;65521;62726
18571;46128;62810;65521;62829
18588;46141;62897;65521;62925
18605;46094;62908;65521;62926
18621;45995;62825;65521;62846
18638;45943;62759;65521;62774
18655;45998;62795;65521;62811
18671;46106;62891;65521;62907
18688;46220;62978;65521;62998
18705;46255;63002;65521;63018
18721;46232;62968;65521;62986
18738;46180;62912;65521;62929
18755;46255;62971;65521;62988
18771;46425;63112;65521;63137
18788;46602;63264;65521;63293
18805;46716;63392;65521;63398
18821;46724;63393;65521;63425
18838;46660;63329;65521;63336
18855;46616;63243;65521;63274
18871;46601;63216;65521;63223
18888;46666;63248;65521;63280
18905;46819;63419;65521;63421
18921;46945;63535;65521;63561
18938;46993;63558;65521;63577
18955;47027;63561;65521;63587
18971;47040;63558;65521;63578
18988;47093;63586;65521;63616
19005;47204;63697;65521;63702
19021;47272;63743;65521;63778
19038;47295;63754;65521;63764
19055;47262;63678;65521;63715
19071;47185;63593;65521;63602
19088;47126;63520;65521;63545
19105;47139;63539;65521;63546
19121;47194;63566;65521;63605
19138;47250;63621;65521;63643
19155;47181;63584;65521;63614
19171;47017;63503;65521;63509
19188;46817;63420;65521;63452
19205;46645;63371;65521;63379
19221;46543;63342;65521;63376
19238;46507;63341;65521;63362
19255;46536;63366;65521;63394
19272;46605;63421;65521;63441
19287;46660;63468;65521;63493
19304;46719;63487;65521;63515
19321;46709;63490;65521;63501
19337;46720;63491;65521;63508
19354;46740;63504;65521;63519
19371;46751;63500;65521;63521
19387;46746;63491;65521;63506
19404;46709;63446;65521;63467
19421;46631;63368;65521;63387
19437;46623;63356;65521;63375
19454;46690;63409;65521;63431
19471;46766;63487;65521;63508
19487;46847;63551;65521;63573
19504;46890;63571;65521;63595
19521;46917;63578;65521;63592
19537;46979;63627;65521;63649
19554;47113;63727;65521;63749
19571;47215;63809;65521;63831
19587;47286;63859;65521;63874
19604;47302;63838;65521;63867
19621;47289;63814;65521;63829
19637;47329;63831;65521;63849
19654;47410;63885;65521;63904
19671;47477;63934;65521;63955
19687;47536;63973;65521;64000
19704;47547;63962;65521;63979
19721;47562;63955;65521;63968
19737;47611;63978;65521;64007
19754;47692;64051;65521;64065
19771;47739;64062;65521;64087
19787;47714;64030;65521;64039
19804;47514;63875;65521;63893
19821;47271;63722;65521;63739
19837;47066;63636;65521;63639
19854;46920;63618;65521;63625
19871;46811;63562;65521;63588
19887;46673;63454;65521;63461
19904;46497;63291;65521;63303
19921;46363;63150;65521;63168
19937;46288;63049;65521;63069
19954;46211;62988;65521;62998
19971;46138;62873;65521;62906
19987;46055;62780;65521;62792
20004;45962;62672;65521;62690
20021;45909;62608;65521;62620
20037;45915;62613;65521;62623
20054;45891;62558;65521;62590
20071;45869;62540;65521;62568
20087;45881;62555;65521;62577
20104;45941;62603;65521;62614
20121;45955;62604;65521;62620
20137;45997;62617;65521;62640
20154;46024;62635;65521;62663
20171;45981;62555;65521;62582
20187;45909;62492;65521;62501
20204;45880;62438;65521;62456
20221;45822;62356;65521;62374
20238;45862;62369;65521;62387
20254;45909;62385;65521;62412
20271;45896;62356;65521;62389
20288;45864;62303;65521;62320
20303;45760;62189;65521;62206
20320;45641;62051;65521;62061
20337;45560;61946;65521;61974
20353;45520;61890;65521;61893
20370;45459;61816;65521;61821
20387;45430;61747;65521;61756
20403;45395;61695;65521;61705
20420;45354;61642;65521;61663
20437;45295;61628;65521;61652
20453;45243;61683;65521;61691
20470;45156;61712;65521;61731
20487;45067;61710;65521;61722
20503;44974;61673;65521;61696
20520;44905;61621;65521;61640
20537;44952;61672;65521;61689
20553;45115;61814;65521;61839
20570;45272;61935;65521;61954
20587;45327;61990;65521;61996
20603;45293;61921;65521;61942
20620;45209;61813;65521;61829
20637;45181;61780;65521;61791
20653;45280;61856;65521;61872
20670;45393;61947;65521;61973
20687;45459;62009;65521;62018
20703;45434;61980;65521;62000
20720;45368;61911;65521;61927
20737;45339;61869;65521;61895
20753;45373;61899;65521;61912
20770;45384;61907;65521;61920
20787;45374;61874;65521;61889
20803;45308;61802;65521;61813
20820;45263;61738;65521;61753
20837;45265;61726;65521;61752
20853;45298;61747;65521;61756
20870;45237;61691;65521;61705
20887;45157;61584;65521;61605
20903;45046;61462;65521;61472
20920;44958;61363;65521;61366
20937;45025;61402;65521;61414
20953;45197;61554;65521;61574
20970;45332;61662;65521;61678
20987;45423;61736;65521;61746
21003;45464;61753;65521;61770
21020;45443;61713;65521;61725
21037;45340;61603;65521;61637
21053;45198;61506;65521;61518
21070;44946;61354;65521;61394
21087;44714;61247;65521;61268
21103;44465;61125;65521;61131
21120;44232;60969;65521;60980
21137;44123;60883;65521;60914
21153;44090;60857;65521;60869
21170;44057;60812;65521;60838
21187;44007;60745;65521;60767
21203;43913;60646;65521;60661
21220;43866;60601;65521;60608
21237;43905;60625;65521;60641
21253;44050;60761;65521;60779
21270;44204;60902;65521;60914
21287;44326;60999;65521;61007
21304;44388;61055;65521;61077
21319;44480;61128;65521;61150
21336;44615;61244;65521;61259
21353;44770;61389;65521;61399
21369;44910;61512;65521;61528
21386;45003;61572;65521;61606
21403;45056;61640;65521;61638
21419;45088;61642;65521;61660
21436;45136;61671;65521;61681
21453;45246;61746;65521;61764
21469;45340;61822;65521;61833
21486;45426;61869;65521;61902
21503;45468;61923;65521;61924
21519;45481;61902;65521;61921
21536;45464;61881;65521;61889
21553;45487;61870;65521;61892
21569;45456;61824;65521;61833
21586;45414;61766;65521;61787
21603;45399;61750;65521;61761
21619;45385;61714;65521;61728
21636;45394;61711;65521;61720
21653;45469;61756;65521;61771
21669;45510;61789;65521;61807
21686;45522;61826;65521;61855
21703;45504;61926;65521;61929
21719;45452;61976;65521;61996
21736;45356;62004;65521;62016
21753;45300;61996;65521;62019
21769;45281;62018;65521;62040
21786;45376;62077;65521;62101
21803;45455;62162;65521;62176
21819;45510;62200;65521;62214
21836;45532;62173;65521;62200
21853;45502;62124;65521;62149
21869;45466;62070;65521;62086
21886;45441;62031;65521;62051
21903;45440;62016;65521;62026
21919;45486;62065;65521;62087
21936;45575;62116;65521;62143
21953;45637;62180;65521;62202
21969;45689;62229;65521;62245
21986;45707;62245;65521;62259
22003;45701;62231;65521;62243
22019;45685;62213;65521;62233
22036;45649;62149;65521;62181
22053;45593;62089;65521;62115
22069;45552;62040;65521;62056
22086;45541;62000;65521;62027
22103;45549;62012;65521;62018
22119;45620;62067;65521;62092
22136;45697;62104;65521;62128
22153;45733;62128;65521;62148
22169;45793;62159;65521;62178
22186;45830;62190;65521;62203
22203;45897;62247;65521;62257
22219;45990;62319;65521;62341
22236;46039;62353;65521;62379
22253;46064;62343;65521;62376
22269;46089;62343;65521;62358
22286;46055;62313;65521;62328
22303;46012;62273;65521;62288
22320;45943;62273;65521;62290
22335;45839;62253;65521;62266
22352;45656;62213;65521;62221
22369;45548;62183;65521;62196
22385;45446;62137;65521;62161
22402;45442;62142;65521;62170
22419;45509;62232;65521;62242
22435;45611;62311;65521;62324
22452;45688;62367;65521;62386
22469;45738;62385;65521;62409
22485;45718;62352;65521;62378
22502;45785;62376;65521;62398
22519;45806;62398;65521;62410
22535;45866;62428;65521;62444
22552;45941;62482;65521;62502
22569;45965;62494;65521;62516
22585;45965;62484;65521;62511
22602;45998;62494;65521;62514
22619;46026;62513;65521;62525
22635;46051;62523;65521;62538
22652;46130;62590;65521;62604
22669;46244;62676;65521;62695
22685;46310;62715;65521;62737
22702;46325;62689;65521;62702
22719;46246;62586;65521;62605
22735;46145;62464;65521;62468
22752;46100;62401;65521;62425
22769;46155;62433;65521;62455
22785;46242;62501;65521;62531
22802;46344;62579;65521;62599
22819;46382;62603;65521;62615
22835;46431;62631;65521;62635
22852;46483;62660;65521;62680
22869;46588;62736;65521;62750
22885;46656;62785;65521;62808
22902;46656;62787;65521;62802
22919;46552;62734;65521;62754
22935;46421;62690;65521;62691
22952;46186;62591;65521;62613
22969;46050;62543;65521;62571
22985;45960;62518;65521;62545
23002;45918;62499;65521;62514
23019;45873;62448;65521;62467
23035;45877;62433;65521;62435
23052;45866;62403;65521;62427
23069;45926;62436;65521;62451
23085;45914;62405;65521;62422
23102;45849;62310;65521;62334
23119;45778;62216;65521;62240
23135;45735;62165;65521;62166
23152;45728;62140;65521;62157
23169;45771;62169;65521;62188
23185;45795;62196;65521;62222
23202;45810;62212;65521;62224
23219;45861;62258;65521;62265
23235;45959;62337;65521;62351
23252;46040;62396;65521;62425
23269;46106;62460;65521;62484
23286;46121;62452;65521;62481
23302;46105;62432;65521;62442
23319;46076;62375;65521;62388
23336;46054;62337;65521;62335
23351;45998;62260;65521;62263
23368;45883;62140;65521;62153
23385;45805;62038;65521;62056
23401;45727;61941;65521;61965
23418;45741;61947;65521;61968
23435;45797;61996;65521;62021
23451;45843;62017;65521;62029
23468;45865;62017;65521;62032
23485;45818;61945;65521;61968
23501;45741;61873;65521;61898
23518;45673;61853;65521;61867
23535;45572;61847;65521;61874
23551;45465;61843;65521;61859
23568;45338;61841;65521;61854
23585;45237;61803;65521;61816
23601;45173;61768;65521;61789
23618;45191;61779;65521;61783
23635;45281;61853;65521;61869
23651;45391;61936;65521;61950
23668;45452;61977;65521;62001
23685;45450;61958;65521;61972
23701;45424;61909;65521;61927
23718;45402;61867;65521;61886
23735;45381;61827;65521;61853
23751;45355;61797;65521;61809
23768;45368;61794;65521;61817
23785;45450;61873;65521;61882
23801;45535;61964;65521;61995
23818;45577;61986;65521;61997
23835;45528;61932;65521;61958
23851;45508;61897;65521;61903
23868;45454;61833;65521;61858
23885;45460;61834;65521;61848
23901;45512;61874;65521;61907
23918;45575;61927;65521;61939
23935;45671;61998;65521;62013
23951;45759;62065;65521;62085
23968;45809;62106;65521;62125
23985;45872;62153;65521;62163
24001;45924;62191;65521;62221
24018;45966;62232;65521;62239
24035;46041;62281;65521;62303
24051;46107;62322;65521;62341
24068;46168;62369;65521;62396
24085;46214;62413;65521;62428
24101;46283;62463;65521;62492
24118;46309;62539;65521;62546
24135;46288;62590;65521;62614
24151;46232;62642;65521;62669
24168;46172;62699;65521;62715
24185;46116;62711;65521;62726
24201;46096;62716;65521;62744
24218;46118;62742;65521;62748
24235;46128;62729;65521;62751
24251;46143;62713;65521;62727
24268;46122;62677;65521;62699
24285;46124;62657;65521;62677
24301;46086;62602;65521;62622
24318;46064;62547;65521;62569
24335;46071;62542;65521;62549
24352;46072;62547;65521;62557
24367;46065;62516;65521;62523
24384;45977;62426;65521;62444
24401;45838;62296;65521;62315
24417;45753;62217;65521;62237
24434;45782;62239;65521;62253
24451;45841;62277;65521;62299
24467;45924;62362;65521;62376
24484;45963;62377;65521;62391
24501;45943;62332;65521;62344
24517;45974;62345;65521;62364
24534;46064;62415;65521;62433
24551;46188;62507;65521;62527
24567;46277;62564;65521;62584
24584;46283;62553;65521;62565
24601;46262;62514;65521;62527
24617;46251;62471;65521;62496
24634;46232;62444;65521;62467
24651;46252;62442;65521;62460
24667;46275;62454;65521;62479
24684;46302;62464;65521;62479
24701;46285;62449;65521;62454
24717;46257;62455;65521;62474
24734;46243;62542;65521;62560
24751;46214;62615;65521;62642
24767;46146;62645;65521;62659
24784;46065;62644;65521;62659
24801;46046;62670;65521;62681
24817;46100;62724;65521;62748
24834;46208;62801;65521;62824
24851;46268;62846;65521;62869
24867;46325;62878;65521;62896
24884;46342;62866;65521;62877
24901;46366;62885;65521;62890
24917;46464;62937;65521;62963
24934;46532;62975;65521;63003
24951;46509;62928;65521;62957
24967;46415;62824;65521;62831
24984;46237;62638;65521;62655
25001;46081;62479;65521;62498
25017;46005;62399;65521;62408
25034;45922;62293;65521;62326
25051;45792;62143;65521;62172
25067;45635;61982;65521;61979
25084;45475;61809;65521;61828
25101;45314;61623;65521;61648
25117;45129;61424;65521;61426
25134;44987;61275;65521;61303
25151;44945;61206;65521;61211
25167;44803;61037;65521;61037
25184;44495;60709;65521;60740
25201;44085;60275;65521;60274
25217;43555;59719;65521;59696
25234;42854;59011;65521;59073
25251;42241;58416;65521;58389
25267;41704;57973;65521;57955
25284;40964;57227;65521;57261
25301;40493;56785;65521;56775
25317;39779;56231;65521;56198
25334;39038;55526;65521;55576
25351;38464;55054;65521;55034
25368;37967;54665;65521;54658
25383;37704;54383;65521;54375
25400;37284;53955;65521;53987
25417;36949;53618;65521;53651
25433;36681;53327;65521;53305
25450;36331;52957;65521;52993
25467;35960;52576;65521;52603
25483;35587;52186;65521;52172
25500;35155;51740;65521;51769
25517;34798;51360;65521;51393
25533;34516;51071;65521;51054
25550;34196;50742;65521;50771
25567;33863;50397;65521;50414
25583;33420;49950;65521;49933
25600;32894;49408;65521;49437
25617;32442;48972;65521;48988
25633;32042;48529;65521;48489
25650;31706;48199;65521;48218
25667;31626;48103;65521;48115
25683;31390;47850;65521;47845
25700;31134;47582;65521;47593
25717;31059;47478;65521;47490
25733;30971;47361;65521;47348
25750;30737;47111;65521;47132
25767;30512;46873;65521;46892
25783;30279;46626;65521;46623
25800;30059;46402;65521;46409
25817;29931;46255;65521;46259
25833;29898;46207;65521;46202
25850;29858;46138;65521;46145
25867;29795;46052;65521;46067
25883;29665;45927;65521;45932
25900;29500;45812;65521;45814
25917;29315;45707;65521;45724
25933;29140;45644;65521;45641
25950;28940;45561;65521;45571
25967;28815;45492;65521;45493
25983;28698;45401;65521;45403
26000;28626;45327;65521;45325
26017;28616;45297;65521;45303
26033;28634;45297;65521;45290
26050;28622;45265;65521;45269
26067;28576;45204;65521;45200
26083;28490;45105;65521;45104
26100;28395;45004;65521;45001
26117;28358;44947;65521;44949
26133;28327;44922;65521;44920
26150;28318;44886;65521;44892
26167;28271;44841;65521;44829
26183;28184;44751;65521;44752
26200;28097;44665;65521;44660
26217;28023;44578;65521;44578
26233;27989;44544;65521;44537
26250;27995;44533;65521;44542
26267;28013;44534;65521;44533
26283;27986;44479;65521;44479
26300;27940;44415;65521;44412
26317;27901;44349;65521;44358
26333;27876;44331;65521;44319
26350;27858;44276;65521;44288
26367;27860;44258;65521;44257
26384;27841;44225;65521;44222
26399;27789;44155;65521;44167
26416;27744;44092;65521;44099
26433;27715;44050;65521;44053
26449;27680;43999;65521;43991
26466;27678;43985;65521;43983
26483;27650;43956;65521;43950
26499;27581;43887;65521;43896
26516;27413;43796;65521;43807
26533;27215;43712;65521;43720
26549;26989;43597;65521;43586
26566;26771;43489;65521;43494
26583;26668;43418;65521;43422
26599;26612;43375;65521;43382
26616;26581;43332;65521;43341
26633;26581;43304;65521;43312
26649;26547;43253;65521;43249
26666;26525;43218;65521;43213
26683;26508;43173;65521;43176
26699;26481;43129;65521;43133
26716;26458;43092;65521;43095
26733;26444;43065;65521;43065
26749;26428;43034;65521;43028
26766;26383;42984;65521;42991
26783;26347;42952;65521;42951
26799;26322;42919;65521;42925
26816;26320;42900;65521;42908
26833;26315;42897;65521;42903
26849;26296;42863;65521;42855
26866;26238;42801;65521;42797
26883;26187;42733;65521;42734
26899;26127;42661;65521;42660
26916;26102;42623;65521;42626
26933;26115;42623;65521;42633
26949;26121;42617;65521;42601
26966;26106;42579;65521;42579
26983;26083;42527;65521;42533
26999;26046;42483;65521;42486
27016;26055;42459;65521;42460
27033;26088;42469;65521;42463
27049;26123;42484;65521;42478
27066;26158;42488;65521;42489
27083;26157;42484;65521;42490
27099;26105;42468;65521;42477
27116;26017;42496;65521;42499
27133;25959;42531;65521;42525
27149;25873;42567;65521;42560
27166;25840;42566;65521;42566
27183;25762;42516;65521;42517
27199;25705;42447;65521;42450
27216;25691;42428;65521;42430
27233;25729;42442;65521;42441
27249;25751;42465;65521;42451
27266;25783;42470;65521;42475
27283;25796;42470;65521;42475
27299;25817;42455;65521;42464
27316;25846;42475;65521;42474
27333;25921;42534;65521;42537
27349;25988;42596;65521;42591
27366;26061;42645;65521;42641
27383;26078;42669;65521;42675
27400;26114;42668;65521;42676
27415;26124;42679;65521;42683
27432;26144;42695;65521;42702
27449;26163;42700;65521;42707
27465;26188;42716;65521;42723
27482;26235;42741;65521;42733
27499;26283;42775;65521;42764
27515;26361;42829;65521;42825
27532;26437;42874;65521;42872
27549;26484;42894;65521;42896
27565;26520;42914;65521;42912
27582;26578;42948;65521;42938
27599;26624;42970;65521;42964
27615;26700;43020;65521;43020
27632;26765;43062;65521;43068
27649;26805;43082;65521;43090
27665;26816;43104;65521;43109
27682;26747;43094;65521;43093
27699;26612;43070;65521;43067
27715;26469;43055;65521;43054
27732;26343;43032;65521;43042
27749;26267;42997;65521;43006
27765;26225;42982;65521;42983
27782;26223;42965;65521;42969
27799;26237;42972;65521;42967
27815;26301;43002;65521;43001
27832;26364;43046;65521;43053
27849;26433;43075;65521;43075
27865;26454;43099;65521;43099
27882;26468;43088;65521;43076
27899;26463;43073;65521;43080
27915;26502;43091;65521;43095
27932;26551;43130;65521;43133
27949;26591;43160;65521;43158
27965;26580;43154;65521;43147
27982;26510;43068;65521;43063
27999;26510;43052;65521;43063
28015;26535;43060;65521;43057
28032;26588;43101;65521;43100
28049;26649;43136;65521;43130
28065;26706;43163;65521;43175
28082;26727;43187;65521;43182
28099;26739;43171;65521;43181
28115;26776;43182;65521;43185
28132;26831;43221;65521;43230
28149;26890;43258;65521;43252
28165;26921;43268;65521;43277
28182;26926;43264;65521;43259
28199;26907;43222;65521;43227
28215;26913;43197;65521;43194
28232;26931;43194;65521;43196
28249;26964;43212;65521;43205
28265;26934;43216;65521;43219
28282;26802;43178;65521;43176
28299;26606;43098;65521;43103
28315;26395;43034;65521;43028
28332;26294;42997;65521;43001
28349;26263;43009;65521;43005
28366;26296;43032;65521;43035
28382;26326;43056;65521;43048
28399;26344;43051;65521;43052
28416;26378;43049;65521;43052
28431;26419;43069;65521;43064
28448;26425;43057;65521;43059
28465;26397;43020;65521;43011
28481;26319;42926;65521;42933
28498;26247;42848;65521;42848
28515;26221;42806;65521;42812
28531;26229;42823;65521;42816
28548;26244;42809;65521;42815
28565;26196;42749;65521;42751
28581;26079;42630;65521;42624
28598;25958;42512;65521;42510
28615;25903;42431;65521;42447
28631;25847;42366;65521;42360
28648;25758;42261;65521;42270
28665;25670;42167;65521;42160
28681;25565;42033;65521;42036
28698;25472;41920;65521;41917
28715;25431;41849;65521;41864
28731;25425;41801;65521;41794
28748;25363;41692;65521;41702
28765;25288;41575;65521;41564
28781;25169;41446;65521;41441
28798;25125;41384;65521;41380
28815;25161;41398;65521;41398
28831;25257;41464;65521;41462
28848;25428;41621;65521;41607
28865;25542;41727;65521;41731
28881;25531;41761;65521;41769
28898;25435;41797;65521;41784
28915;25373;41841;65521;41838
28931;25298;41870;65521;41865
28948;25211;41819;65521;41826
28965;25181;41812;65521;41817
28981;25187;41801;65521;41805
28998;25146;41760;65521;41761
29015;25108;41703;65521;41700
29031;25064;41670;65521;41662
29048;25033;41612;65521;41617
29065;25014;41567;65521;41563
29081;24967;41505;65521;41501
29098;24885;41407;65521;41407
29115;24848;41352;65521;41354
29131;24888;41385;65521;41384
29148;24927;41425;65521;41426
29165;24932;41426;65521;41424
29181;24906;41381;65521;41380
29198;24879;41359;65521;41347
29215;24887;41351;65521;41347
29231;24895;41363;65521;41355
29248;24950;41384;65521;41387
29265;24991;41414;65521;41418
29281;25022;41411;65521;41417
29298;25043;41416;65521;41406
29315;25083;41423;65521;41421
29331;25148;41484;65521;41476
29348;25251;41555;65521;41551
29365;25347;41635;65521;41637
29382;25429;41674;65521;41683
29398;25460;41703;65521;41696
29415;25507;41717;65521;41717
29432;25542;41754;65521;41747
29447;25582;41760;65521;41762
29464;25588;41813;65521;41806
29481;25544;41860;65521;41849
29497;25481;41907;65521;41912
29514;25427;41967;65521;41963
29531;25435;42024;65521;42022
29547;25485;42090;65521;42094
29564;25585;42184;65521;42175
29581;25680;42256;65521;42241
29597;25769;42315;65521;42322
29614;25879;42392;65521;42392
29631;26010;42495;65521;42487
29647;26100;42547;65521;42547
29664;26187;42602;65521;42601
29681;26254;42650;65521;42660
29697;26333;42710;65521;42709
29714;26429;42778;65521;42778
29731;26519;42871;65521;42861
29747;26608;42949;65521;42951
29764;26694;43035;65521;43023
29781;26730;43054;65521;43041
29797;26689;43008;65521;43013
29814;26706;43019;65521;43022
29831;26798;43102;65521;43103
29847;26889;43173;65521;43169
29864;26952;43221;65521;43218
29881;27009;43273;65521;43288
29897;27114;43330;65521;43337
29914;27199;43404;65521;43402
29931;27334;43509;65521;43511
29947;27472;43618;65521;43621
29964;27609;43754;65521;43741
29981;27758;43888;65521;43906
29997;27946;44018;65521;44031
