Tiempo (ms),IR,AMB_IR,RED,AMB_RED
0,0,0,65521,0
16,14653,41218,65521,41188
33,13840,40341,65521,40393
50,13198,39655,65521,39704
66,12742,39154,65521,39133
83,12431,38802,65521,38827
100,12248,38556,65521,38582
116,11949,38191,65521,38178
133,11398,37568,65521,37603
150,10904,37005,65521,37049
166,10456,36498,65521,36465
183,9911,35893,65521,35931
200,9437,35376,65521,35405
216,8911,34931,65521,34902
233,8098,34475,65521,34503
250,7217,34090,65521,34119
267,6411,33679,65521,33648
283,5646,33186,65521,33217
300,4995,32646,65521,32685
317,4299,31998,64879,31961
333,3547,31240,64210,31282
350,2936,30591,63553,30633
367,2357,29980,62996,29931
383,1715,29277,62454,29320
400,1143,28664,61869,28694
417,641,28100,61377,28070
433,188,27609,60977,27624
450,65446,27322,60669,27298
467,65242,27135,60431,27124
483,65040,26975,60215,26980
500,64807,26807,59911,26796
517,64614,26648,59698,26645
533,64451,26540,59518,26539
550,64414,26500,59467,26491
567,64381,26475,59448,26466
583,64382,26460,59446,26452
600,64369,26424,59433,26419
617,64328,26350,59390,26344
633,64306,26283,59399,26274
650,64346,26263,59464,26256
667,64434,26291,59589,26280
683,64526,26328,59727,26319
700,64603,26348,59800,26345
717,64709,26372,59957,26373
733,64805,26414,60057,26410
750,64890,26442,60203,26433
767,64945,26442,60277,26431
783,64950,26384,60309,26385
800,64805,26303,60107,26299
817,64336,26183,59499,26177
833,63822,26056,58773,26056
850,63429,25966,58169,25958
867,63097,25916,57752,25905
883,62904,25857,57480,25853
900,62798,25819,57317,25809
917,62732,25767,57262,25769
933,62688,25704,57225,25700
950,62669,25647,57217,25637
967,62665,25626,57254,25616
983,62703,25611,57324,25604
999,62742,25598,57385,25583
1016,62769,25580,57473,25571
1033,62780,25555,57483,25552
1049,62773,25545,57455,25552
1066,62756,25563,57417,25561
1083,62737,25577,57376,25564
1099,62698,25569,57326,25562
1116,62646,25549,57282,25539
1133,62626,25520,57247,25521
1149,62621,25506,57256,25508
1166,62650,25517,57279,25508
1183,62668,25506,57310,25497
1199,62661,25446,57326,25441
1216,62637,25383,57353,25379
1233,62652,25343,57382,25336
1249,62677,25307,57429,25306
1266,62703,25298,57483,25284
1283,62734,25280,57546,25266
1299,62783,25269,57594,25263
1316,62791,25249,57661,25247
1333,62818,25218,57702,25208
1349,62856,25189,57757,25190
1366,62885,25166,57816,25157
1383,62901,25142,57851,25135
1399,62801,25104,57716,25100
1416,62455,25030,57159,25020
1433,61993,24948,56564,24939
1449,61675,24881,56108,24883
1466,61464,24853,55775,24843
1483,61343,24839,55635,24840
1499,61308,24824,55587,24813
1516,61306,24803,55648,24801
1533,61346,24779,55713,24775
1549,61400,24783,55820,24780
1566,61481,24789,55947,24779
1583,61551,24786,56070,24783
1599,61623,24784,56187,24777
1616,61661,24772,56259,24767
1633,61664,24743,56284,24738
1649,61648,24730,56262,24727
1666,61621,24727,56207,24714
1683,61587,24735,56168,24726
1699,61557,24733,56120,24727
1716,61508,24701,56081,24699
1733,61493,24668,56055,24656
1749,61504,24654,56087,24646
1766,61563,24665,56175,24658
1783,61621,24686,56263,24676
1799,61687,24682,56352,24677
1816,61728,24670,56446,24672
1833,61777,24643,56522,24642
1849,61825,24633,56598,24632
1866,61887,24633,56709,24627
1883,61946,24637,56790,24628
1899,61999,24634,56883,24626
1916,62027,24606,56929,24606
1933,62069,24585,56973,24582
1950,62121,24588,57079,24582
1966,62204,24611,57183,24596
1983,62280,24619,57273,24610
2000,62329,24618,57355,24613
2015,62216,24590,57201,24581
2032,61877,24536,56625,24528
2049,61467,24483,56027,24465
2065,61145,24442,55613,24447
2082,60968,24426,55332,24414
2099,60856,24395,55205,24393
2115,60814,24366,55164,24356
2132,60829,24346,55212,24347
2149,60888,24342,55298,24331
2165,60969,24356,55435,24352
2182,61066,24378,55576,24365
2199,61159,24377,55705,24373
2215,61221,24368,55801,24364
2232,61266,24347,55896,24349
2249,61298,24349,55931,24340
2265,61301,24356,55935,24352
2282,61287,24363,55893,24354
2299,61246,24358,55832,24354
2315,61213,24350,55771,24344
2332,61189,24328,55757,24328
2349,61210,24332,55775,24323
2365,61257,24348,55850,24346
2382,61314,24357,55932,24340
2399,61377,24358,56025,24352
2415,61428,24351,56112,24340
2432,61479,24337,56203,24334
2449,61555,24347,56295,24337
2465,61651,24361,56422,24358
2482,61739,24384,56558,24377
2499,61823,24395,56655,24388
2515,61876,24392,56734,24388
2532,61928,24382,56835,24392
2549,62000,24394,56921,24386
2565,62070,24411,57009,24407
2582,62151,24430,57126,24419
2599,62236,24440,57227,24440
2615,62300,24443,57324,24433
2632,62347,24434,57422,24432
2649,62337,24424,57395,24419
2665,62116,24407,57064,24406
2682,61734,24374,56410,24362
2699,61357,24333,55921,24322
2715,61133,24272,55596,24262
2732,60990,24209,55404,24211
2749,60930,24169,55357,24165
2765,60973,24163,55422,24159
2782,61047,24174,55539,24170
2799,61149,24193,55688,24189
2815,61244,24195,55835,24178
2832,61324,24184,55980,24187
2849,61436,24193,56121,24187
2865,61529,24209,56253,24205
2882,61592,24223,56334,24211
2899,61606,24226,56345,24220
2915,61581,24219,56317,24204
2932,61531,24197,56239,24192
2949,61490,24186,56174,24178
2966,61487,24184,56165,24183
2982,61513,24196,56196,24190
2999,61546,24201,56245,24198
3016,61580,24194,56308,24183
3031,61617,24180,56359,24170
3048,61673,24178,56444,24170
3065,61761,24193,56571,24186
3081,61842,24202,56671,24199
3098,61913,24215,56790,24207
3115,61988,24205,56875,24202
3131,62040,24204,56965,24197
3148,62105,24205,57067,24196
3165,62188,24227,57170,24215
3181,62271,24240,57277,24241
3198,62348,24263,57394,24257
3215,62409,24260,57454,24253
3231,62440,24254,57530,24245
3248,62494,24246,57610,24240
3265,62585,24269,57728,24261
3281,62665,24273,57829,24270
3298,62682,24278,57851,24276
3315,62457,24246,57534,24240
3331,62052,24184,56927,24177
3348,61696,24144,56357,24134
3365,61475,24126,56077,24111
3381,61397,24110,55958,24106
3398,61402,24116,55966,24107
3415,61445,24108,56032,24106
3431,61504,24104,56122,24089
3448,61595,24106,56276,24103
3465,61724,24131,56420,24124
3481,61834,24154,56587,24148
3498,61951,24168,56770,24164
3515,62054,24174,56899,24172
3531,62102,24171,56958,24160
3548,62116,24160,57007,24155
3565,62119,24183,57004,24172
3581,62102,24182,56964,24180
3598,62081,24192,56904,24186
3615,62056,24179,56892,24180
3631,62055,24169,56874,24163
3648,62072,24164,56921,24158
3665,62133,24183,56992,24170
3681,62198,24192,57093,24191
3698,62271,24214,57186,24203
3715,62346,24208,57265,24213
3731,62401,24213,57372,24206
3748,62467,24208,57464,24208
3765,62562,24231,57573,24223
3781,62646,24248,57716,24247
3798,62732,24270,57820,24254
3815,62803,24265,57901,24263
3831,62854,24261,58001,24252
3848,62908,24263,58072,24260
3865,62987,24278,58170,24271
3881,63060,24294,58273,24295
3898,63142,24315,58372,24305
3915,63218,24318,58484,24310
3931,63234,24307,58509,24297
3948,63079,24273,58256,24267
3965,62692,24240,57713,24243
3982,62364,24226,57134,24218
3998,62157,24210,56865,24196
4015,62044,24193,56734,24185
4032,62015,24174,56711,24164
4047,62054,24167,56756,24157
4064,62132,24181,56875,24172
4081,62244,24208,57025,24193
4097,62361,24222,57175,24215
4114,62461,24236,57333,24228
4131,62574,24236,57472,24234
4147,62661,24238,57607,24236
4164,62748,24265,57741,24255
4181,62801,24280,57808,24277
4197,62815,24298,57827,24292
4214,62790,24290,57781,24282
4231,62735,24263,57694,24259
4247,62693,24254,57642,24240
4264,62700,24255,57642,24242
4281,62722,24262,57664,24254
4297,62759,24262,57733,24259
4314,62803,24254,57803,24253
4331,62860,24249,57855,24248
4347,62912,24263,57933,24249
4364,63002,24277,58069,24267
4381,63094,24309,58182,24294
4397,63182,24323,58295,24316
4414,63248,24325,58402,24323
4431,63323,24322,58484,24323
4447,63376,24324,58577,24316
4464,63463,24347,58693,24330
4481,63544,24370,58796,24364
4497,63624,24390,58919,24386
4514,63680,24396,58989,24402
4531,63741,24385,59057,24381
4547,63792,24385,59148,24379
4564,63840,24403,59204,24388
4581,63669,24399,58975,24387
4597,63299,24361,58339,24357
4614,62937,24314,57824,24311
4631,62685,24267,57504,24264
4647,62581,24241,57345,24232
4664,62578,24249,57344,24232
4681,62628,24254,57425,24246
4697,62707,24270,57547,24270
4714,62802,24280,57667,24283
4731,62896,24271,57787,24272
4747,62963,24272,57923,24265
4764,63073,24288,58056,24278
4781,63177,24311,58206,24304
4797,63247,24326,58303,24320
4814,63273,24324,58342,24316
4831,63261,24300,58330,24295
4847,63218,24286,58270,24277
4864,63202,24283,58233,24271
4881,63188,24285,58204,24288
4897,63197,24303,58213,24302
4914,63219,24303,58247,24303
4931,63247,24298,58284,24290
4947,63289,24293,58351,24288
4964,63349,24316,58422,24305
4981,63441,24339,58529,24331
4997,63520,24356,58636,24352
5014,63576,24356,58719,24352
5031,63636,24352,58789,24344
5048,63666,24346,58861,24334
5063,63724,24349,58926,24345
5080,63790,24366,59015,24357
5097,63854,24387,59096,24376
5113,63910,24390,59163,24381
5130,63945,24386,59218,24378
5147,64000,24372,59293,24370
5163,64064,24388,59392,24385
5180,64135,24407,59478,24402
5197,64117,24427,59461,24405
5213,63858,24387,59070,24384
5230,63477,24335,58451,24332
5247,63174,24297,58062,24292
5263,63031,24284,57861,24279
5280,62984,24282,57779,24276
5297,62995,24294,57799,24284
5313,63034,24287,57862,24278
5330,63096,24284,57959,24276
5347,63179,24274,58054,24269
5363,63274,24292,58191,24284
5380,63374,24311,58343,24298
5397,63482,24326,58475,24318
5413,63543,24328,58569,24318
5430,63565,24308,58607,24308
5447,63563,24299,58618,24298
5463,63555,24300,58599,24292
5480,63530,24302,58545,24297
5497,63495,24309,58492,24302
5513,63477,24303,58478,24292
5530,63464,24286,58477,24285
5547,63484,24275,58481,24269
5563,63525,24274,58553,24272
5580,63583,24294,58614,24285
5597,63652,24311,58712,24300
5613,63698,24305,58789,24297
5630,63752,24306,58846,24304
5647,63837,24330,58952,24326
5663,63945,24383,59060,24381
5680,64019,24419,59151,24409
5697,64073,24435,59234,24419
5713,64118,24433,59286,24419
5730,64136,24408,59325,24409
5747,64166,24392,59375,24384
5763,64191,24380,59407,24382
5780,64241,24394,59482,24378
5797,64293,24395,59566,24387
5813,64348,24403,59634,24393
5830,64342,24387,59624,24384
5847,64134,24354,59334,24346
5863,63803,24310,58778,24312
5880,63531,24292,58388,24282
5897,63341,24274,58162,24272
5913,63260,24266,58036,24256
5930,63225,24244,58022,24250
5947,63267,24244,58048,24225
5963,63332,24246,58161,24240
5980,63426,24267,58278,24255
5997,63527,24282,58412,24281
6014,63590,24294,58517,24284
6030,63642,24276,58608,24276
6047,63707,24284,58676,24267
6064,63734,24276,58725,24269
6079,63756,24291,58751,24285
6096,63758,24300,58737,24288
6113,63722,24290,58693,24291
6129,63674,24274,58609,24264
6146,63632,24252,58561,24245
6163,63639,24260,58573,24244
6179,63664,24262,58601,24261
6196,63704,24273,58650,24272
6213,63752,24277,58704,24274
6229,63777,24276,58746,24267
6246,63812,24271,58820,24262
6263,63867,24277,58880,24266
6279,63927,24294,58957,24285
6296,63992,24309,59037,24306
6313,64043,24310,59094,24309
6329,64068,24308,59131,24294
6346,64085,24293,59183,24290
6363,64123,24307,59233,24292
6379,64176,24310,59291,24308
6396,64222,24325,59340,24314
6413,64263,24325,59404,24318
6429,64280,24318,59434,24307
6446,64304,24302,59457,24300
6463,64338,24309,59527,24294
6479,64364,24312,59543,24308
6496,64258,24309,59338,24296
6513,63933,24270,58904,24266
6529,63652,24227,58470,24215
6546,63462,24185,58224,24184
6563,63354,24180,58099,24170
6579,63354,24183,58082,24176
6596,63388,24196,58153,24187
6613,63465,24194,58233,24200
6629,63534,24202,58365,24188
6646,63597,24190,58438,24190
6663,63684,24204,58557,24193
6679,63775,24221,58686,24217
6696,63842,24237,58772,24231
6713,63882,24235,58838,24230
6729,63868,24225,58819,24215
6746,63834,24206,58766,24203
6763,63791,24197,58696,24190
6779,63765,24205,58642,24199
6796,63746,24213,58623,24205
6813,63739,24210,58613,24200
6829,63736,24193,58629,24186
6846,63747,24179,58655,24173
6863,63785,24176,58691,24171
6879,63838,24190,58765,24181
6896,63891,24205,58836,24194
6913,63948,24215,58896,24206
6929,63979,24205,58948,24191
6946,64000,24186,58988,24182
6963,64050,24189,59051,24185
6979,64108,24212,59117,24201
6996,64160,24228,59186,24217
7013,64198,24226,59232,24217
7030,64221,24224,59281,24215
7046,64227,24209,59298,24203
7063,64263,24207,59344,24202
7080,64316,24223,59409,24213
7095,64362,24238,59450,24230
7112,64411,24244,59543,24237
7129,64440,24226,59572,24221
7145,64364,24215,59470,24209
7162,64137,24188,59087,24172
7179,63832,24167,58697,24156
7195,63646,24145,58421,24139
7212,63523,24129,58248,24129
7229,63464,24101,58166,24102
7245,63458,24091,58167,24081
7262,63500,24093,58248,24085
7279,63597,24118,58361,24111
7295,63701,24137,58507,24129
7312,63797,24148,58633,24142
7329,63891,24138,58765,24137
7345,63960,24141,58890,24131
7362,64013,24143,58963,24129
7379,64037,24157,58999,24143
7395,64029,24159,58958,24153
7412,63980,24160,58893,24152
7429,63918,24132,58788,24133
7445,63850,24118,58715,24109
7462,63830,24108,58684,24104
7479,63848,24128,58711,24117
7495,63884,24135,58750,24131
7512,63919,24140,58811,24134
7529,63945,24126,58852,24119
7545,63984,24120,58911,24111
7562,64030,24119,58964,24108
7579,64097,24135,59062,24128
7595,64155,24148,59135,24141
7612,64209,24157,59206,24153
7629,64246,24157,59242,24142
7645,64268,24138,59303,24127
7662,64301,24136,59354,24129
7679,64357,24148,59419,24144
7695,64412,24168,59507,24165
7712,64462,24178,59545,24177
7729,64510,24176,59605,24166
7745,64544,24165,59660,24155
7762,64564,24161,59684,24155
7779,64475,24159,59575,24161
7795,64235,24145,59141,24145
7812,63945,24114,58751,24109
7829,63709,24087,58446,24076
7845,63577,24052,58276,24039
7862,63533,24040,58225,24027
7879,63560,24043,58262,24035
7895,63620,24057,58352,24050
7912,63700,24071,58463,24067
7929,63798,24083,58574,24067
7945,63880,24070,58740,24057
7962,63982,24078,58878,24065
7979,64103,24096,59022,24093
7995,64182,24114,59120,24115
8012,64201,24121,59145,24115
8029,64159,24112,59089,24099
8046,64075,24088,58978,24076
8062,64009,24067,58869,24063
8079,63957,24071,58822,24069
8096,63955,24078,58784,24079
8111,63957,24079,58810,24080
8128,63968,24073,58824,24070
8145,64000,24064,58863,24060
8161,64040,24063,58917,24057
8178,64104,24088,59009,24075
8195,64165,24103,59098,24101
8211,64229,24112,59179,24107
8228,64263,24104,59235,24104
8245,64314,24102,59288,24088
8261,64357,24103,59365,24099
8278,64425,24119,59449,24104
8295,64483,24140,59526,24130
8311,64541,24145,59610,24140
8328,64582,24147,59653,24141
8345,64631,24135,59706,24131
8361,64685,24148,59794,24135
8378,64738,24162,59852,24148
8395,64647,24172,59744,24154
8411,64373,24141,59287,24137
8428,64040,24098,58828,24090
8445,63781,24061,58500,24047
8461,63646,24034,58294,24025
8478,63600,24036,58244,24021
8495,63612,24039,58278,24038
8511,63668,24051,58359,24045
8528,63717,24046,58446,24047
8545,63814,24048,58555,24039
8561,63913,24050,58707,24050
8578,64045,24088,58866,24072
8595,64154,24095,59026,24091
8611,64234,24117,59127,24105
8628,64239,24103,59147,24098
8645,64201,24091,59107,24089
8661,64141,24073,58993,24072
8678,64085,24084,58909,24070
8695,64031,24086,58839,24072
8711,64011,24089,58807,24078
8728,63996,24076,58800,24070
8745,64009,24071,58804,24062
8761,64019,24059,58845,24049
8778,64076,24078,58912,24067
8795,64138,24091,58997,24082
8811,64199,24109,59073,24101
8828,64238,24101,59143,24095
8845,64283,24103,59195,24085
8861,64329,24094,59268,24084
8878,64391,24117,59333,24107
8895,64461,24130,59436,24125
8911,64523,24148,59519,24137
8928,64563,24141,59590,24143
8945,64628,24148,59638,24134
8961,64673,24146,59732,24136
8978,64733,24157,59802,24146
8995,64674,24167,59713,24156
9011,64427,24147,59296,24142
9028,64096,24103,58857,24098
9045,63821,24064,58504,24051
9062,63661,24039,58275,24031
9078,63605,24035,58204,24023
9095,63599,24037,58211,24027
9112,63644,24049,58274,24041
9127,63686,24051,58347,24040
9144,63749,24035,58432,24041
9161,63837,24043,58545,24041
9177,63948,24069,58708,24059
9194,64064,24093,58853,24083
9211,64137,24105,58962,24096
9227,64160,24101,58994,24086
9244,64139,24088,58964,24081
9261,64075,24070,58887,24062
9277,64033,24082,58782,24076
9294,63988,24083,58722,24076
9311,63949,24087,58687,24078
9327,63930,24074,58660,24061
9344,63917,24056,58664,24054
9361,63941,24052,58683,24042
9377,63993,24062,58746,24060
9394,64040,24077,58826,24069
9411,64096,24089,58888,24085
9427,64137,24097,58945,24078
9444,64169,24082,59020,24076
9461,64219,24076,59068,24072
9477,64278,24091,59139,24092
9494,64343,24119,59238,24110
9511,64413,24129,59318,24125
9527,64460,24135,59404,24118
9544,64499,24123,59457,24112
9561,64536,24123,59485,24107
9577,64453,24116,59331,24112
9594,64196,24106,58944,24091
9611,63850,24072,58525,24066
9627,63605,24031,58149,24028
9644,63425,23995,57934,23991
9661,63331,23976,57816,23971
9677,63329,23976,57805,23971
9694,63354,23984,57851,23976
9711,63412,23997,57927,23995
9727,63465,23996,58025,23991
9744,63515,23992,58103,23992
9761,63597,23987,58190,23982
9777,63679,24006,58314,24000
9794,63737,24021,58379,24014
9811,63747,24020,58420,24021
9827,63729,24009,58368,23999
9844,63660,23992,58290,23984
9861,63596,23969,58190,23960
9877,63545,23967,58111,23968
9894,63533,23976,58083,23969
9911,63533,23979,58087,23978
9927,63519,23974,58103,23966
9944,63525,23958,58104,23953
9961,63558,23956,58134,23950
9977,63596,23965,58200,23952
9994,63652,23980,58271,23963
10011,63700,23985,58337,23981
10027,63738,23994,58388,23992
10044,63759,23982,58442,23973
10061,63805,23978,58474,23967
10078,63853,23985,58554,23976
10094,63925,24007,58632,24001
10111,63985,24027,58718,24016
10128,64017,24019,58766,24022
10143,63977,24015,58700,24001
10160,63777,23982,58375,23969
10177,63437,23965,57953,23946
10193,63179,23924,57547,23929
10210,62980,23906,57295,23896
10227,62829,23876,57111,23873
10243,62737,23849,57010,23834
10260,62718,23833,56978,23824
10277,62755,23837,57032,23838
10293,62804,23851,57122,23851
10310,62865,23870,57201,23854
10327,62912,23869,57267,23860
10343,62958,23861,57349,23849
10360,62994,23853,57401,23843
10377,63028,23864,57441,23856
10393,63038,23873,57426,23876
10410,63012,23885,57385,23878
10427,62949,23875,57286,23864
10443,62881,23851,57203,23835
10460,62830,23832,57131,23831
10477,62816,23842,57117,23837
10493,62825,23853,57133,23850
10510,62841,23866,57165,23853
10527,62865,23854,57186,23848
10543,62877,23846,57217,23832
10560,62898,23840,57258,23831
10577,62948,23847,57315,23845
10593,63000,23869,57381,23865
10610,63045,23882,57449,23876
10627,63082,23893,57486,23876
10643,63105,23880,57544,23866
10660,63137,23868,57570,23863
10677,63194,23887,57643,23888
10693,63238,23915,57712,23903
10710,63267,23924,57725,23912
10727,63111,23906,57508,23898
10743,62822,23858,57056,23846
10760,62525,23807,56664,23802
10777,62271,23774,56346,23778
10793,62110,23761,56104,23759
10810,62006,23749,55982,23743
10827,61950,23740,55919,23726
10843,61925,23713,55920,23701
10860,61934,23697,55939,23693
10877,61978,23706,55988,23697
10893,62030,23721,56062,23713
10910,62081,23736,56141,23727
10927,62122,23733,56188,23722
10943,62122,23719,56207,23716
10960,62109,23700,56183,23701
10977,62082,23700,56145,23701
10993,62046,23708,56068,23702
11010,61991,23707,56003,23700
11027,61946,23698,55933,23683
11043,61904,23678,55890,23676
11060,61890,23661,55874,23658
11077,61891,23660,55889,23660
11093,61927,23678,55930,23667
11110,61968,23691,55983,23680
11127,61991,23690,56023,23675
11144,62010,23675,56070,23674
11159,62033,23662,56099,23658
11176,62083,23680,56154,23667
11193,62127,23687,56221,23680
11209,62173,23701,56275,23694
11226,62191,23694,56316,23693
11243,62226,23692,56345,23682
11259,62240,23676,56392,23672
11276,62298,23697,56445,23686
11293,62267,23696,56391,23692
11309,62081,23685,56079,23679
11326,61796,23639,55685,23631
11343,61489,23596,55310,23588
11359,61256,23546,54971,23546
11376,61119,23528,54782,23518
11393,61018,23514,54677,23510
11409,60993,23516,54639,23507
11426,60987,23501,54660,23500
11443,61002,23488,54677,23476
11459,61022,23483,54730,23476
11476,61070,23495,54781,23481
11493,61122,23497,54863,23495
11509,61163,23514,54905,23511
11526,61171,23514,54916,23510
11543,61149,23502,54882,23496
11559,61107,23489,54832,23479
11576,61084,23488,54782,23478
11593,61040,23487,54730,23486
11609,61025,23494,54704,23491
11626,61000,23487,54685,23485
11643,60992,23469,54673,23463
11659,60993,23461,54689,23451
11676,61025,23466,54735,23455
11693,61082,23485,54794,23474
11709,61120,23495,54865,23487
11726,61155,23490,54906,23493
11743,61189,23489,54948,23480
11759,61216,23476,54986,23472
11776,61255,23496,55035,23478
11793,61298,23504,55093,23500
11809,61332,23519,55143,23510
11826,61359,23516,55180,23509
11843,61375,23507,55195,23495
11859,61405,23496,55240,23486
11876,61448,23505,55301,23497
11893,61465,23518,55325,23517
11909,61368,23514,55149,23498
11926,61096,23477,54789,23476
11943,60801,23427,54406,23419
11959,60534,23379,54016,23377
11976,60326,23355,53774,23345
11993,60211,23338,53606,23335
12009,60164,23333,53539,23326
12026,60146,23318,53515,23320
12043,60146,23313,53528,23300
12059,60152,23294,53560,23288
12076,60173,23299,53594,23285
12093,60216,23305,53649,23305
12109,60262,23325,53708,23319
12126,60283,23323,53729,23324
12143,60280,23313,53721,23300
12160,60242,23291,53702,23284
12175,60219,23293,53647,23286
12192,60207,23299,53618,23289
12209,60169,23304,53596,23301
12225,60142,23288,53555,23287
12242,60126,23271,53529,23266
12259,60127,23264,53535,23261
12275,60158,23274,53589,23273
12292,60207,23290,53634,23276
12309,60241,23297,53703,23290
12325,60283,23302,53750,23293
12342,60294,23286,53792,23286
12359,60336,23284,53830,23274
12375,60371,23294,53874,23289
12392,60427,23310,53947,23300
12409,60464,23326,53996,23315
12425,60492,23321,54039,23316
12442,60499,23316,54058,23306
12459,60527,23306,54075,23295
12475,60559,23323,54122,23315
12492,60594,23331,54172,23324
12509,60634,23339,54216,23338
12525,60653,23351,54257,23337
12542,60670,23335,54287,23334
12559,60714,23338,54332,23325
12575,60761,23340,54392,23337
12592,60776,23349,54395,23340
12609,60609,23339,54193,23339
12625,60346,23300,53772,23292
12642,60044,23243,53357,23236
12659,59752,23193,53005,23187
12675,59566,23155,52735,23162
12692,59470,23157,52593,23139
12709,59413,23147,52555,23145
12725,59405,23141,52564,23138
12742,59401,23122,52570,23122
12759,59429,23115,52597,23104
12775,59449,23115,52623,23108
12792,59482,23133,52674,23123
12809,59522,23144,52718,23138
12825,59532,23143,52740,23144
12842,59528,23129,52732,23127
12859,59494,23117,52694,23112
12875,59470,23115,52651,23108
12892,59447,23123,52623,23114
12909,59436,23130,52607,23122
12925,59424,23123,52596,23117
12942,59421,23104,52584,23107
12959,59420,23101,52605,23090
12975,59453,23103,52646,23098
12992,59507,23123,52721,23107
13009,59561,23134,52794,23129
13025,59603,23140,52863,23133
13042,59634,23123,52909,23122
13059,59656,23118,52949,23109
13075,59697,23118,53012,23112
13092,59751,23137,53071,23134
13109,59800,23153,53135,23149
13125,59834,23162,53186,23159
13142,59864,23147,53221,23142
13159,59875,23133,53245,23125
13176,59906,23134,53282,23132
13191,59961,23158,53351,23152
13208,60004,23172,53409,23163
13225,60044,23175,53458,23159
13241,60069,23164,53531,23149
13258,60103,23152,53573,23152
13275,60160,23156,53647,23158
13291,60237,23184,53746,23178
13308,60302,23201,53835,23196
13325,60315,23205,53853,23194
13341,60157,23170,53601,23156
13358,59888,23118,53204,23116
13375,59575,23078,52824,23080
13391,59348,23051,52461,23051
13408,59182,23038,52253,23021
13425,59067,23009,52129,23006
13441,59026,22986,52100,22976
13458,59043,22980,52124,22971
13475,59098,22979,52214,22981
13491,59165,23001,52300,22999
13508,59228,23024,52388,23019
13525,59297,23031,52472,23018
13541,59314,23023,52518,23007
13558,59314,22989,52527,22984
13575,59308,22979,52531,22978
13591,59314,22995,52508,22993
13608,59296,23003,52488,22996
13625,59270,23008,52446,22994
13641,59225,22986,52410,22979
13658,59213,22965,52389,22957
13675,59230,22962,52433,22957
13691,59275,22976,52484,22973
13708,59335,23001,52558,22987
13725,59383,23005,52635,22990
13741,59425,22997,52718,22992
13758,59475,22990,52777,22982
13775,59518,22989,52857,22983
13791,59594,23012,52940,23005
13808,59656,23035,53033,23025
13825,59713,23042,53099,23036
13841,59738,23033,53160,23034
13858,59776,23020,53208,23015
13875,59813,23026,53262,23022
13891,59871,23048,53329,23030
13908,59918,23066,53397,23054
13925,59965,23074,53446,23063
13941,59984,23064,53495,23063
13958,60022,23053,53545,23050
13975,60059,23058,53615,23053
13991,60135,23086,53706,23074
14008,60211,23110,53814,23098
14025,60291,23113,53905,23110
14041,60335,23111,53992,23105
14058,60300,23099,53939,23093
14075,60102,23064,53676,23065
14091,59842,23037,53245,23028
14108,59571,23014,52907,23005
14125,59390,22988,52654,22981
14141,59254,22952,52480,22951
14158,59196,22932,52400,22923
14175,59197,22923,52426,22916
14192,59256,22938,52507,22927
14207,59337,22956,52632,22953
14224,59399,22965,52734,22965
14241,59479,22969,52822,22962
14257,59539,22971,52935,22958
14274,59607,22987,53010,22970
14291,59642,22995,53070,22995
14307,59654,23009,53059,23009
14324,59622,23009,53013,23006
14341,59574,22996,52947,22983
14357,59524,22979,52896,22967
14374,59519,22981,52873,22964
14391,59537,22989,52900,22984
14407,59573,23006,52963,23002
14424,59615,23012,53028,23011
14441,59665,23011,53079,23000
14457,59706,23006,53164,22998
14474,59772,23018,53249,23003
14491,59856,23035,53349,23027
14507,59935,23066,53477,23057
14524,59992,23067,53562,23066
14541,60047,23075,53625,23058
14557,60091,23064,53701,23063
14574,60153,23078,53778,23060
14591,60219,23090,53856,23087
14607,60284,23115,53947,23106
14624,60334,23122,54016,23122
14641,60363,23123,54052,23114
14657,60398,23115,54111,23112
14674,60444,23126,54186,23115
14691,60510,23141,54265,23132
14707,60588,23159,54371,23150
14724,60663,23174,54479,23167
14741,60725,23179,54555,23163
14757,60749,23164,54617,23163
14774,60634,23163,54430,23146
14791,60393,23139,54089,23132
14807,60132,23117,53666,23105
14824,59887,23083,53369,23078
14841,59727,23054,53149,23039
14857,59645,23021,53038,23021
14874,59631,23018,53037,23006
14891,59691,23028,53131,23029
14907,59771,23054,53251,23047
14924,59872,23062,53371,23062
14941,59943,23073,53477,23063
14957,60022,23075,53619,23065
14974,60119,23083,53735,23073
14991,60203,23108,53843,23098
15007,60243,23130,53898,23121
15024,60244,23137,53894,23129
15041,60200,23126,53821,23119
15057,60149,23103,53740,23101
15074,60112,23102,53716,23095
15091,60120,23113,53715,23107
15107,60151,23133,53741,23119
15124,60187,23136,53806,23128
15141,60230,23137,53849,23126
15157,60272,23133,53946,23132
15174,60342,23138,54033,23129
15191,60420,23157,54149,23153
15208,60500,23184,54274,23169
15223,60574,23194,54369,23174
15240,60624,23178,54453,23182
15257,60687,23184,54529,23174
15273,60759,23188,54619,23193
15290,60833,23217,54730,23209
15307,60909,23236,54835,23230
15323,60967,23251,54915,23231
15340,60999,23234,54955,23233
15357,61049,23240,55025,23230
15373,61106,23245,55093,23242
15390,61170,23273,55182,23259
15407,61253,23296,55283,23284
15423,61318,23309,55388,23304
15440,61374,23307,55480,23300
15457,61420,23296,55518,23293
15473,61341,23298,55374,23290
15490,61064,23286,55012,23272
15507,60760,23259,54576,23255
15523,60490,23224,54155,23218
15540,60290,23182,53909,23181
15557,60180,23158,53778,23149
15573,60155,23146,53748,23137
15590,60194,23155,53812,23155
15607,60263,23173,53914,23164
15623,60335,23183,54039,23175
15640,60430,23175,54147,23177
15657,60500,23180,54258,23168
15673,60592,23184,54414,23175
15690,60688,23214,54535,23206
15707,60754,23230,54613,23222
15723,60764,23238,54629,23230
15740,60734,23221,54564,23220
15757,60666,23205,54491,23190
15773,60623,23193,54416,23189
15790,60613,23211,54408,23196
15807,60634,23218,54429,23208
15823,60655,23224,54471,23217
15840,60692,23217,54529,23211
15857,60730,23214,54582,23196
15873,60801,23217,54688,23207
15890,60885,23243,54805,23229
15907,60975,23252,54918,23253
15923,61052,23268,55029,23265
15940,61126,23266,55115,23260
15957,61178,23264,55208,23254
15973,61247,23268,55327,23258
15990,61339,23290,55444,23286
16007,61425,23311,55536,23311
16023,61491,23318,55654,23315
16040,61550,23314,55710,23307
16057,61592,23317,55784,23303
16073,61653,23318,55872,23313
16090,61736,23345,55973,23335
16107,61819,23356,56084,23357
16123,61878,23368,56178,23365
16140,61859,23364,56129,23353
16157,61636,23333,55759,23317
16173,61268,23291,55229,23278
16190,60889,23264,54767,23251
16207,60654,23233,54391,23227
16224,60521,23222,54204,23211
16239,60426,23194,54114,23187
16256,60399,23170,54099,23166
16273,60432,23167,54153,23162
16289,60505,23192,54268,23181
16306,60594,23208,54403,23204
16323,60687,23228,54512,23212
16339,60760,23215,54640,23216
16356,60835,23211,54751,23203
16373,60910,23221,54862,23209
16389,60954,23237,54916,23223
16406,60963,23252,54921,23239
16423,60943,23246,54874,23241
16439,60886,23232,54786,23231
16456,60829,23205,54703,23203
16473,60810,23207,54679,23202
16489,60831,23219,54711,23209
16506,60864,23234,54762,23222
16523,60915,23242,54839,23230
16539,60961,23235,54924,23236
16556,61021,23223,54987,23221
16573,61092,23230,55097,23222
16589,61176,23260,55217,23244
16606,61271,23278,55347,23270
16623,61358,23296,55449,23286
16639,61420,23291,55557,23287
16656,61489,23284,55622,23271
16673,61538,23283,55714,23272
16689,61596,23294,55815,23275
16706,61656,23298,55880,23280
16723,61709,23291,55948,23281
16739,61742,23277,56012,23272
16756,61800,23258,56069,23258
16773,61854,23261,56165,23254
16789,61888,23277,56183,23262
16806,61693,23279,55923,23264
16823,61353,23247,55424,23239
16839,60953,23186,54804,23185
16856,60612,23129,54396,23123
16873,60404,23089,54137,23088
16889,60315,23081,54001,23069
16906,60289,23080,53978,23073
16923,60315,23087,54030,23077
16939,60353,23084,54108,23083
16956,60415,23069,54169,23062
16973,60478,23068,54270,23061
16989,60559,23087,54395,23076
17006,60645,23106,54509,23095
17023,60714,23113,54599,23103
17039,60734,23105,54633,23105
17056,60715,23089,54609,23084
17073,60679,23074,54554,23071
17089,60647,23083,54495,23068
17106,60610,23087,54449,23067
17123,60588,23079,54427,23071
17139,60574,23063,54406,23061
17156,60584,23042,54408,23043
17173,60605,23044,54472,23039
17189,60663,23061,54550,23050
17206,60730,23076,54639,23067
17223,60800,23084,54735,23077
17240,60853,23084,54827,23080
17255,60901,23070,54899,23065
17272,60971,23074,54978,23062
17289,61052,23096,55083,23091
17305,61122,23116,55191,23104
17322,61195,23122,55285,23117
17339,61241,23121,55351,23109
17355,61281,23110,55422,23110
17372,61343,23118,55496,23103
17389,61417,23124,55594,23121
17405,61497,23153,55695,23135
17422,61489,23156,55686,23150
17439,61273,23126,55368,23118
17455,60898,23075,54782,23063
17472,60499,23030,54291,23011
17489,60260,22995,53949,22990
17505,60094,22979,53703,22964
17522,59989,22960,53597,22955
17539,59953,22942,53544,22927
17555,59949,22917,53567,22913
17572,59993,22917,53635,22909
17589,60076,22930,53744,22926
17605,60150,22947,53850,22938
17622,60230,22960,53963,22952
17639,60284,22957,54039,22945
17655,60313,22941,54090,22942
17672,60326,22938,54102,22938
17689,60324,22949,54097,22943
17705,60306,22958,54038,22944
17722,60266,22952,53992,22948
17739,60210,22937,53919,22923
17755,60176,22913,53892,22913
17772,60181,22906,53894,22898
17789,60208,22919,53936,22912
17805,60260,22936,54008,22919
17822,60316,22947,54073,22943
17839,60351,22937,54137,22930
17855,60388,22923,54207,22913
17872,60446,22924,54290,22912
17889,60519,22939,54372,22931
17905,60598,22953,54476,22948
17922,60667,22977,54567,22974
17939,60720,22982,54650,22972
17955,60765,22972,54713,22972
17972,60828,22980,54772,22971
17989,60893,22993,54864,22990
18005,60965,23016,54964,23000
18022,61004,23027,55009,23017
18039,60916,23011,54844,22999
18055,60629,22963,54430,22958
18072,60246,22912,53954,22903
18089,59961,22872,53514,22872
18105,59749,22852,53226,22836
18122,59582,22831,53043,22819
18139,59500,22801,52928,22791
18155,59463,22773,52911,22768
18172,59490,22763,52941,22751
18189,59547,22776,53036,22772
18206,59618,22798,53124,22786
18222,59681,22798,53214,22793
18239,59728,22800,53306,22791
18256,59748,22786,53341,22782
18271,59766,22779,53343,22766
18288,59763,22791,53334,22779
18305,59744,22787,53296,22786
18321,59702,22790,53246,22784
18338,59643,22765,53159,22756
18355,59598,22748,53107,22738
18371,59588,22745,53104,22738
18388,59610,22762,53126,22750
18405,59657,22759,53181,22762
18421,59701,22777,53263,22770
18438,59755,22765,53326,22759
18455,59792,22762,53380,22749
18471,59845,22755,53480,22749
18488,59924,22787,53578,22768
18505,59998,22798,53684,22791
18521,60058,22809,53767,22804
18538,60117,22805,53836,22803
18555,60157,22806,53880,22789
18571,60197,22798,53954,22791
18588,60262,22818,54044,22817
18605,60340,22837,54146,22835
18621,60402,22852,54232,22844
18638,60442,22842,54264,22836
18655,60346,22821,54142,22813
18671,60101,22787,53738,22784
18688,59757,22767,53330,22751
18705,59496,22724,52948,22728
18721,59291,22700,52633,22693
18738,59139,22666,52450,22660
18755,59058,22632,52355,22626
18771,59045,22621,52348,22610
18788,59094,22634,52438,22623
18805,59174,22647,52543,22646
18821,59252,22665,52647,22659
18838,59315,22657,52735,22652
18855,59370,22660,52843,22642
18871,59419,22652,52902,22647
18888,59457,22674,52950,22664
18905,59464,22677,52940,22675
18921,59448,22696,52905,22682
18938,59398,22677,52821,22672
18955,59350,22662,52758,22649
18971,59316,22645,52719,22635
18988,59324,22666,52736,22651
19005,59368,22667,52790,22664
19021,59417,22684,52870,22676
19038,59467,22677,52930,22677
19055,59514,22676,53023,22668
19071,59567,22671,53095,22668
19088,59657,22691,53199,22689
19105,59732,22719,53311,22712
19121,59804,22735,53401,22731
19138,59867,22739,53479,22730
19155,59909,22728,53549,22718
19171,59960,22730,53620,22725
19188,60035,22748,53713,22743
19205,60110,22769,53816,22764
19222,60187,22796,53921,22778
19238,60257,22801,54008,22792
19255,60305,22797,54093,22782
19272,60317,22788,54084,22784
19287,60206,22793,53886,22779
19304,59909,22777,53499,22762
19321,59629,22738,53096,22730
19337,59391,22700,52723,22693
19354,59205,22658,52491,22653
19371,59112,22632,52389,22626
19387,59114,22644,52395,22634
19404,59167,22659,52466,22647
19421,59242,22673,52589,22662
19437,59314,22673,52689,22664
19454,59407,22668,52807,22666
19471,59492,22679,52936,22672
19487,59597,22705,53096,22696
19504,59663,22726,53170,22716
19521,59684,22731,53200,22724
19537,59655,22727,53141,22716
19554,59598,22706,53057,22702
19571,59535,22696,52977,22690
19587,59517,22706,52932,22693
19604,59503,22718,52929,22706
19621,59531,22726,52957,22713
19637,59554,22715,53010,22718
19654,59600,22707,53061,22707
19671,59645,22714,53125,22700
19687,59718,22736,53231,22724
19704,59791,22760,53331,22748
19721,59867,22772,53417,22766
19737,59924,22773,53522,22766
19754,59987,22766,53607,22762
19771,60042,22763,53707,22760
19787,60125,22789,53803,22777
19804,60215,22812,53915,22801
19821,60292,22823,54029,22819
19837,60357,22831,54139,22829
19854,60436,22831,54221,22825
19871,60504,22834,54336,22825
19887,60572,22852,54408,22844
19904,60522,22868,54322,22855
19921,60301,22853,53935,22844
19937,59983,22810,53505,22806
19954,59689,22775,53123,22761
19971,59508,22727,52859,22724
19987,59418,22723,52742,22713
20004,59396,22725,52737,22724
20021,59433,22738,52790,22734
20037,59490,22738,52892,22737
20054,59566,22740,52989,22727
20071,59640,22717,53137,22709
20087,59771,22739,53289,22727
20104,59896,22766,53464,22757
20121,59997,22786,53607,22781
20137,60033,22787,53656,22789
20154,60030,22785,53635,22776
20171,59976,22775,53557,22769
20187,59934,22778,53481,22771
20204,59888,22776,53414,22774
20221,59877,22790,53396,22788
20238,59876,22789,53403,22792
20254,59893,22786,53432,22772
20271,59926,22777,53500,22768
20288,60000,22795,53591,22780
20303,60072,22813,53684,22803
20320,60149,22828,53794,22824
20337,60210,22829,53875,22818
20353,60270,22818,53982,22814
20370,60338,22819,54082,22812
20387,60428,22844,54196,22839
20403,60521,22870,54319,22856
20420,60609,22884,54427,22879
20437,60682,22892,54522,22880
20453,60740,22887,54627,22887
20470,60824,22896,54737,22882
20487,60918,22917,54863,22911
20503,60990,22940,54951,22928
20520,60943,22947,54878,22944
20537,60714,22921,54552,22914
20553,60381,22873,54035,22870
20570,60070,22838,53619,22828
20587,59887,22817,53367,22813
20603,59793,22820,53220,22810
20620,59765,22823,53194,22819
20637,59780,22814,53234,22807
20653,59819,22800,53320,22796
20670,59910,22800,53439,22783
20687,60035,22812,53624,22805
20703,60175,22838,53824,22828
20720,60329,22866,54024,22859
20737,60431,22871,54177,22862
20753,60483,22865,54253,22857
20770,60500,22868,54256,22859
20787,60482,22873,54209,22873
20803,60447,22886,54141,22876
20820,60388,22893,54063,22886
20837,60350,22879,54005,22870
20853,60323,22868,53985,22870
20870,60336,22867,53997,22854
20887,60377,22875,54067,22870
20903,60443,22896,54160,22883
20920,60523,22908,54260,22898
20937,60588,22913,54377,22905
20953,60643,22909,54455,22908
20970,60714,22906,54542,22903
20987,60806,22924,54674,22923
21003,60889,22948,54790,22934
21020,60984,22965,54903,22960
21037,61063,22973,55036,22956
21053,61129,22961,55134,22957
21070,61216,22964,55225,22954
21087,61289,22975,55337,22969
21103,61296,22991,55318,22976
21120,61078,22979,55021,22973
21137,60721,22939,54451,22934
21153,60354,22884,53947,22879
21170,60060,22831,53576,22828
21187,59917,22818,53367,22819
21203,59874,22821,53309,22809
21220,59872,22819,53340,22814
21237,59911,22817,53412,22809
21254,59975,22816,53508,22813
21270,60057,22820,53628,22804
21287,60173,22830,53783,22827
21304,60291,22860,53963,22851
21319,60406,22886,54098,22869
21336,60468,22880,54205,22872
21353,60473,22869,54201,22856
21369,60444,22858,54154,22855
21386,60400,22869,54097,22857
21403,60360,22869,54035,22865
21419,60318,22872,53956,22862
21436,60288,22852,53936,22856
21453,60286,22857,53912,22839
21469,60305,22839,53958,22832
21486,60358,22852,54027,22844
21503,60418,22863,54127,22864
21519,60494,22884,54230,22876
21536,60558,22879,54305,22880
21553,60609,22880,54406,22867
21569,60673,22874,54500,22872
21586,60759,22899,54602,22884
21603,60845,22912,54729,22908
21619,60930,22929,54850,22917
21636,61019,22931,54939,22928
21653,61076,22926,55050,22913
21669,61115,22916,55097,22908
21686,61008,22919,54955,22902
21703,60712,22881,54441,22879
21719,60321,22829,53900,22817
21736,59952,22758,53449,22754
21753,59700,22693,53098,22684
21769,59552,22655,52925,22647
21786,59505,22648,52874,22650
21803,59526,22664,52905,22660
21819,59583,22680,53005,22667
21836,59643,22681,53079,22663
21853,59701,22676,53199,22664
21869,59787,22672,53317,22666
21886,59886,22682,53437,22681
21903,59968,22707,53548,22702
21919,60018,22722,53610,22710
21936,60005,22719,53588,22706
21953,59947,22701,53508,22685
21969,59875,22678,53404,22669
21986,59827,22670,53344,22666
22003,59809,22683,53298,22676
22019,59812,22686,53307,22676
22036,59820,22693,53328,22677
22053,59841,22672,53375,22662
22069,59877,22664,53427,22655
22086,59941,22674,53504,22669
22103,60018,22692,53619,22693
22119,60088,22716,53721,22706
22136,60160,22723,53799,22711
22153,60212,22714,53903,22701
22169,60259,22704,53963,22696
22186,60334,22711,54064,22714
22203,60411,22735,54171,22737
22219,60496,22763,54279,22757
22236,60562,22771,54359,22759
22253,60544,22753,54332,22739
22270,60360,22724,54024,22715
22286,59988,22680,53551,22680
22303,59664,22653,53025,22649
22320,59410,22627,52679,22617
22335,59199,22587,52422,22587
22352,59054,22551,52255,22547
22369,58998,22532,52194,22529
22385,59010,22531,52219,22519
22402,59057,22549,52298,22536
22419,59132,22554,52388,22553
22435,59189,22558,52493,22561
22452,59253,22548,52580,22545
22469,59305,22548,52673,22541
22485,59351,22562,52725,22553
22502,59375,22577,52738,22571
22519,59362,22583,52708,22579
22535,59304,22570,52635,22564
22552,59233,22546,52545,22539
22569,59180,22531,52467,22520
22585,59167,22533,52454,22523
22602,59172,22546,52467,22535
22619,59207,22551,52512,22547
22635,59240,22555,52566,22554
22652,59285,22542,52612,22532
22669,59320,22540,52693,22531
22685,59382,22552,52771,22539
22702,59447,22563,52858,22562
22719,59512,22581,52949,22575
22735,59562,22586,53027,22581
22752,59609,22584,53068,22571
22769,59643,22574,53137,22566
22785,59707,22590,53215,22573
22802,59771,22600,53313,22598
22819,59831,22620,53376,22610
22835,59849,22620,53394,22616
22852,59705,22596,53185,22587
22869,59403,22552,52719,22545
22885,59097,22516,52277,22492
22902,58794,22473,51918,22480
22919,58596,22451,51604,22449
22935,58450,22427,51441,22426
22952,58369,22405,51331,22390
22969,58349,22381,51338,22373
22985,58385,22385,51375,22370
23002,58440,22392,51465,22388
23019,58502,22411,51563,22405
23035,58563,22413,51642,22421
23052,58613,22418,51704,22404
23069,58634,22404,51749,22395
23085,58637,22410,51749,22392
23102,58624,22411,51734,22407
23119,58595,22420,51672,22417
23135,58549,22414,51606,22408
23152,58502,22398,51535,22391
23169,58468,22377,51503,22375
23185,58483,22382,51508,22370
23202,58517,22394,51560,22387
23219,58568,22414,51648,22404
23235,58607,22412,51720,22408
23252,58670,22415,51777,22405
23269,58708,22400,51863,22393
23286,58779,22411,51936,22396
23302,58852,22431,52031,22420
23319,58924,22452,52136,22442
23336,58966,22466,52215,22462
23351,59009,22452,52262,22452
23368,59059,22446,52331,22441
23385,59121,22464,52395,22459
23401,59193,22482,52509,22474
23418,59268,22513,52601,22493
23435,59317,22516,52681,22498
23451,59271,22495,52590,22489
23468,59051,22465,52273,22463
23485,58765,22429,51814,22428
23501,58507,22405,51446,22391
23518,58259,22379,51158,22371
23535,58111,22352,50939,22341
23551,58020,22316,50837,22316
23568,57999,22301,50822,22300
23585,58037,22303,50896,22306
23601,58121,22329,50994,22316
23618,58205,22342,51105,22339
23635,58278,22359,51232,22347
23651,58332,22346,51315,22348
23668,58382,22348,51362,22339
23685,58403,22347,51395,22346
23701,58412,22366,51387,22351
23718,58384,22371,51347,22360
23735,58343,22370,51282,22359
23751,58289,22347,51214,22346
23768,58262,22334,51174,22328
23785,58267,22331,51176,22336
23801,58305,22353,51235,22347
23818,58361,22365,51312,22359
23835,58415,22382,51396,22364
23851,58459,22373,51472,22370
23868,58525,22375,51536,22358
23885,58585,22381,51635,22381
23901,58667,22409,51743,22398
23918,58742,22431,51832,22424
23935,58797,22440,51925,22424
23951,58831,22425,51976,22422
23968,58879,22428,52021,22416
23985,58931,22430,52101,22431
24001,58999,22458,52183,22441
24018,59062,22473,52274,22468
24035,59122,22488,52374,22480
24051,59174,22479,52446,22481
24068,59235,22484,52505,22477
24085,59225,22475,52482,22475
24101,59098,22481,52263,22463
24118,58800,22453,51867,22447
24135,58519,22418,51430,22410
24151,58270,22368,51090,22361
24168,58083,22327,50867,22325
24185,58008,22311,50753,22313
24201,58009,22321,50766,22308
24218,58061,22327,50851,22325
24235,58122,22341,50953,22337
24251,58187,22336,51057,22335
24268,58272,22337,51152,22329
24285,58353,22343,51289,22336
24302,58442,22370,51394,22363
24318,58489,22388,51461,22383
24335,58486,22390,51432,22386
24352,58440,22370,51358,22364
24367,58380,22357,51277,22349
24384,58335,22364,51239,22353
24401,58320,22363,51190,22359
24417,58337,22367,51216,22367
24434,58362,22371,51241,22375
24451,58384,22367,51315,22350
24467,58429,22359,51365,22359
24484,58503,22365,51465,22362
24501,58585,22396,51589,22393
24517,58669,22413,51702,22411
24534,58744,22428,51784,22416
24551,58793,22421,51873,22412
24567,58836,22415,51941,22407
24584,58906,22423,52026,22419
24601,58966,22445,52109,22441
24617,59035,22461,52191,22453
24634,59090,22477,52267,22466
24651,59123,22469,52325,22460
24667,59167,22461,52393,22453
24684,59243,22470,52490,22466
24701,59324,22490,52601,22481
24717,59404,22517,52712,22512
24734,59421,22534,52707,22525
24751,59253,22497,52429,22492
24767,58957,22453,51996,22444
24784,58624,22407,51585,22405
24801,58420,22388,51245,22386
24817,58273,22376,51058,22363
24834,58193,22363,50959,22354
24851,58178,22342,50958,22333
24867,58189,22327,50999,22323
24884,58267,22326,51106,22323
24901,58375,22355,51247,22356
24917,58482,22384,51411,22376
24934,58601,22397,51560,22389
24951,58667,22397,51685,22385
24967,58706,22390,51733,22383
24984,58714,22390,51725,22390
25001,58698,22405,51685,22403
25017,58659,22417,51605,22401
25034,58609,22415,51545,22405
25051,58558,22400,51483,22388
25067,58531,22379,51454,22373
25084,58558,22379,51472,22371
25101,58610,22399,51562,22388
25117,58680,22417,51650,22404
25134,58756,22434,51763,22424
25151,58816,22434,51870,22427
25167,58877,22425,51958,22418
25184,58955,22432,52062,22422
25201,59047,22459,52184,22445
25217,59136,22481,52297,22469
25234,59212,22497,52395,22486
25251,59261,22492,52491,22486
25267,59328,22484,52551,22480
25284,59378,22486,52626,22477
25301,59443,22512,52736,22509
25318,59527,22541,52826,22528
25334,59601,22556,52925,22549
25351,59662,22551,53040,22550
25368,59722,22544,53101,22543
25383,59707,22548,53057,22539
25400,59508,22547,52783,22540
25417,59210,22522,52268,22521
25433,58897,22481,51840,22480
25450,58620,22440,51493,22426
25467,58446,22405,51255,22396
25483,58373,22387,51161,22375
25500,58375,22391,51178,22384
25517,58423,22410,51264,22402
25533,58496,22418,51385,22414
25550,58584,22421,51498,22410
25567,58661,22415,51646,22404
25583,58770,22427,51781,22418
25600,58881,22451,51918,22440
25617,58947,22468,51998,22465
25633,58954,22478,52019,22472
25650,58915,22464,51952,22456
25667,58848,22448,51847,22440
25683,58792,22438,51758,22428
25700,58766,22444,51726,22438
25717,58775,22455,51738,22451
25733,58801,22466,51764,22461
25750,58837,22463,51817,22454
25767,58872,22448,51901,22441
25783,58938,22449,51986,22443
25800,59030,22478,52122,22467
25817,59128,22508,52248,22497
25833,59206,22515,52374,22513
25850,59289,22521,52475,22507
25867,59342,22516,52579,22503
25883,59420,22519,52664,22509
25900,59505,22544,52779,22538
25917,59585,22566,52887,22558
25933,59648,22574,52984,22571
25950,59703,22579,53054,22565
25967,59757,22565,53139,22558
25983,59836,22580,53244,22575
26000,59932,22602,53364,22598
26017,59979,22627,53407,22614
26033,59876,22624,53208,22618
26050,59549,22590,52771,22585
26067,59173,22535,52192,22530
26083,58875,22491,51775,22479
26100,58668,22473,51532,22470
26117,58575,22465,51390,22457
26133,58548,22467,51361,22464
26150,58562,22466,51393,22451
26167,58610,22452,51494,22451
26183,58688,22454,51602,22447
26200,58799,22473,51753,22471
26217,58915,22502,51918,22491
26233,59027,22520,52072,22519
26250,59096,22532,52174,22518
26267,59118,22525,52220,22525
26283,59115,22517,52195,22506
26300,59097,22524,52158,22521
26317,59074,22545,52082,22532
26334,59029,22541,52047,22533
26350,59009,22531,52001,22524
26367,58995,22512,52008,22522
26384,59022,22521,52057,22508
26399,59089,22537,52135,22530
26416,59165,22551,52244,22545
26433,59243,22564,52375,22556
26449,59300,22567,52469,22564
26466,59392,22569,52559,22553
26483,59473,22572,52685,22563
26499,59565,22599,52809,22589
26516,59652,22614,52939,22608
26533,59739,22632,53057,22623
26549,59802,22631,53155,22628
26566,59875,22627,53238,22622
26583,59945,22630,53350,22626
26599,60036,22658,53468,22651
26616,60123,22671,53592,22670
26633,60198,22687,53691,22685
26649,60167,22680,53608,22677
26666,59907,22646,53241,22631
26683,59524,22598,52640,22595
26699,59180,22566,52148,22552
26716,58898,22531,51810,22529
26733,58743,22516,51566,22504
26749,58641,22488,51470,22479
26766,58617,22463,51450,22446
26783,58646,22449,51516,22443
26799,58737,22471,51637,22463
26816,58831,22489,51766,22485
26833,58932,22510,51915,22500
26849,59014,22509,52053,22505
26866,59095,22506,52147,22495
26883,59139,22500,52221,22496
26899,59171,22517,52246,22511
26916,59158,22519,52222,22521
26933,59113,22525,52140,22515
26949,59037,22499,52049,22498
26966,58986,22489,51975,22478
26983,58966,22476,51969,22465
26999,58994,22488,51989,22474
27016,59040,22493,52063,22491
27033,59100,22511,52146,22502
27049,59176,22505,52240,22509
27066,59239,22513,52333,22500
27083,59306,22510,52455,22505
27099,59404,22537,52578,22528
27116,59502,22556,52711,22550
27133,59585,22576,52833,22570
27149,59675,22580,52937,22577
27166,59729,22581,53009,22574
27183,59793,22585,53129,22584
27199,59892,22605,53250,22594
27216,59978,22625,53353,22622
27233,60058,22646,53473,22636
27249,60091,22640,53506,22635
27266,59941,22619,53276,22608
27283,59595,22573,52722,22568
27299,59173,22540,52186,22524
27316,58870,22497,51754,22494
27333,58657,22473,51428,22467
27350,58502,22443,51245,22433
27366,58430,22411,51163,22399
27383,58412,22393,51158,22389
27400,58466,22410,51241,22397
27415,58527,22423,51334,22411
27432,58613,22437,51443,22424
27449,58677,22436,51556,22418
27465,58732,22422,51643,22419
27482,58793,22429,51719,22417
27499,58838,22449,51763,22437
27515,58840,22461,51757,22447
27532,58802,22457,51703,22446
27549,58747,22439,51614,22430
27565,58679,22415,51539,22411
27582,58655,22409,51504,22396
27599,58663,22419,51514,22415
27615,58694,22432,51564,22418
27632,58746,22439,51629,22432
27649,58789,22442,51703,22427
27665,58831,22425,51777,22425
27682,58902,22429,51874,22422
27699,58990,22450,51993,22444
27715,59068,22472,52106,22463
27732,59146,22484,52208,22474
27749,59205,22486,52291,22472
27765,59255,22476,52379,22475
27782,59307,22480,52444,22475
27799,59386,22494,52557,22487
27815,59466,22516,52652,22509
27832,59548,22530,52762,22524
27849,59601,22533,52852,22533
27865,59566,22512,52782,22513
27882,59325,22484,52446,22480
27899,58981,22453,51875,22437
27915,58595,22415,51400,22399
27932,58337,22371,51024,22370
27949,58126,22331,50729,22328
27965,57987,22288,50560,22287
27982,57931,22273,50508,22262
27999,57950,22278,50535,22267
28015,57998,22288,50626,22280
28032,58062,22295,50702,22291
28049,58113,22301,50792,22297
28065,58172,22287,50863,22282
28082,58213,22294,50926,22277
28099,58247,22303,50971,22290
28115,58251,22316,50974,22301
28132,58227,22307,50945,22308
28149,58166,22290,50850,22291
28165,58101,22266,50766,22264
28182,58043,22255,50703,22246
28199,58041,22255,50682,22248
28215,58053,22265,50697,22260
28232,58094,22279,50762,22275
28249,58126,22276,50817,22273
28265,58171,22264,50873,22258
28282,58224,22263,50950,22255
28299,58299,22279,51066,22263
28315,58381,22299,51180,22289
28332,58466,22312,51298,22313
28349,58523,22320,51397,22319
28366,58598,22317,51472,22314
28382,58646,22317,51542,22308
28399,58716,22330,51652,22315
28416,58782,22347,51740,22341
28431,58853,22364,51831,22363
28448,58915,22374,51899,22357
28465,58966,22368,51994,22350
28481,59014,22363,52047,22351
28498,58980,22364,51986,22364
28515,58743,22353,51574,22352
28531,58414,22328,51098,22315
28548,58044,22270,50640,22260
28565,57783,22219,50243,22211
28581,57599,22182,50006,22171
28598,57511,22167,49909,22165
28615,57497,22170,49889,22168
28631,57532,22180,49955,22166
28648,57580,22176,50011,22170
28665,57613,22170,50092,22154
28681,57656,22161,50168,22151
28698,57733,22172,50265,22164
28715,57792,22193,50342,22191
28731,57824,22201,50373,22196
28748,57806,22192,50353,22186
28765,57757,22174,50286,22173
28781,57718,22159,50219,22149
28798,57688,22161,50192,22160
28815,57679,22169,50163,22157
28831,57691,22177,50180,22165
28848,57703,22170,50200,22169
28865,57729,22163,50251,22159
28881,57790,22155,50316,22153
28898,57855,22175,50431,22163
28915,57931,22201,50543,22188
28931,58024,22221,50664,22211
28948,58098,22228,50749,22213
28965,58148,22220,50846,22215
28981,58213,22210,50921,22208
28998,58288,22234,51026,22229
29015,58348,22251,51115,22241
29031,58412,22272,51188,22259
29048,58466,22277,51251,22262
29065,58503,22270,51332,22267
29081,58562,22261,51403,22257
29098,58640,22282,51511,22280
29115,58728,22308,51631,22297
29131,58779,22327,51685,22317
29148,58682,22322,51541,22305
29165,58402,22275,51082,22264
29181,58023,22224,50596,22217
29198,57746,22188,50205,22188
29215,57549,22172,49890,22164
29231,57417,22166,49743,22157
29248,57376,22163,49669,22145
29265,57369,22145,49690,22142
29281,57417,22134,49748,22132
29298,57479,22151,49859,22149
29315,57566,22179,49971,22172
29331,57654,22211,50083,22194
29348,57724,22217,50174,22204
29365,57763,22208,50251,22213
29382,57767,22201,50242,22195
29398,57766,22204,50240,22202
29415,57760,22222,50197,22211
29432,57714,22227,50155,22213
29447,57689,22216,50107,22212
29464,57671,22205,50072,22194
29481,57666,22193,50082,22186
29497,57704,22208,50143,22195
29514,57760,22222,50226,22216
29531,57843,22242,50325,22237
29547,57891,22240,50427,22238
29564,57962,22242,50504,22226
29581,58021,22237,50604,22223
29597,58108,22258,50719,22249
29614,58193,22276,50826,22269
29631,58263,22291,50926,22285
29647,58310,22295,51008,22293
29664,58364,22296,51058,22281
29681,58405,22286,51131,22280
29697,58480,22310,51223,22298
29714,58550,22320,51311,22317
29731,58631,22343,51431,22336
29747,58698,22347,51523,22340
29764,58754,22343,51602,22335
29781,58766,22334,51626,22327
29797,58622,22331,51410,22322
29814,58349,22305,51006,22306
29831,58037,22277,50496,22257
29847,57730,22222,50124,22220
29864,57528,22185,49850,22175
29881,57414,22151,49684,22143
29897,57367,22141,49660,22129
29914,57411,22147,49718,22147
29931,57479,22162,49822,22153
29947,57561,22161,49932,22158
29964,57627,22166,50045,22152
29981,57700,22152,50186,22144
29997,57794,22172,50303,22158
