Tiempo (ms),IR,AMB_IR,RED,AMB_RED
0,0,0,65521,0
16,65521,58477,65521,65521
33,65521,56832,65521,65451
50,65521,54978,65521,63605
66,65521,52749,65521,61248
83,65521,49956,65521,58893
100,65521,47206,65521,56355
116,65521,44227,65521,53203
133,65521,40306,65521,49939
150,65521,36306,65521,46192
166,65521,32894,65521,42607
183,65521,30481,65521,40574
200,65521,31753,65521,41485
216,65521,37331,65521,47332
233,65521,46008,65521,54569
250,65521,54316,65521,62368
267,65521,61061,65521,65521
283,65521,65521,65521,65521
300,65521,65521,65521,65521
317,65521,65521,65521,65521
333,65521,65521,65521,65521
350,65521,65521,65521,65521
367,65521,65521,65521,65521
383,65521,65521,65521,65521
400,65521,65521,65521,65521
417,65521,65521,65521,65521
433,65521,65521,65521,65521
450,65521,65521,65521,65521
467,65521,65521,65521,65521
483,65521,65521,65521,65521
500,65521,65521,65521,65521
517,65521,65521,65521,65521
533,65521,65521,65521,65521
550,65521,65521,65521,65521
567,65521,65521,65521,65521
583,65521,65521,65521,65521
600,65521,65521,65521,65521
617,65521,65521,65521,65521
633,65521,65521,65521,65521
650,65521,65521,65521,65521
667,65521,65521,65521,65521
683,65521,65521,65521,65521
700,65521,65521,65521,65521
717,65521,65521,65521,65521
733,65521,65521,65521,65521
750,65521,65292,65521,65521
767,65521,62037,65521,65521
783,65521,55284,65521,64093
800,65521,49400,65521,57789
817,65521,40547,65521,49250
833,65521,24808,65521,36121
850,65521,9028,65521,19499
867,65521,63500,65521,9613
883,65521,10268,65521,20671
900,65521,13327,65521,24150
917,65521,4488,65521,15331
933,65521,51408,65521,65093
950,65521,36566,65521,49394
967,65521,31596,65521,45083
983,65521,29183,65521,43044
999,65521,25121,65521,39399
1016,65521,20717,65521,35074
1033,65521,19962,65521,34275
1049,65521,21774,65521,35833
1066,65521,26182,65521,39956
1083,65521,27550,65521,41255
1099,65521,27093,65521,40712
1116,65521,26285,65521,40058
1133,65521,24329,65521,37848
1149,65521,22604,65521,36267
1166,65521,21475,65521,35128
1183,65521,18949,65521,32918
1199,65521,17165,65521,31596
1216,65521,14309,65521,28810
1233,65521,14056,65521,28661
1249,65521,13996,65521,28563
1266,65521,13596,65521,28027
1283,65521,13368,65521,27703
1299,65521,13276,65521,27535
1316,65521,13258,65521,27462
1333,65521,12762,65521,26913
1349,65521,12348,65521,26538
1366,65521,12098,65521,26179
1383,65521,11746,65521,25796
1399,65521,11490,65521,25557
1416,65521,11362,65521,25410
1433,65521,11304,65521,25310
1449,65521,11298,65521,25292
1466,65521,8666,65521,17404
1483,65521,8521,65521,14948
1499,59010,8669,65521,11544
1516,33654,8890,65521,9191
1533,17117,8820,65521,8743
1549,6449,8530,65521,8506
1566,63871,8074,65521,8008
1583,57815,7661,65521,7604
1599,53837,7261,64554,7255
1616,51277,7041,57138,7006
1633,49452,6825,53008,6800
1649,48450,6632,50349,6615
1666,47898,6500,48830,6480
1683,47647,6485,48251,6461
1699,47405,6481,47438,6465
1716,46875,6501,45753,6489
1733,45994,6542,43594,6521
1749,45017,6551,41027,6532
1766,43890,6440,37778,6418
1783,42641,6339,34955,6315
1799,41718,6252,32880,6245
1816,40993,6202,30640,6180
1833,40279,6138,28819,6127
1849,39787,6081,27409,6064
1866,39574,6042,26443,6014
1883,39566,6030,26153,6010
1899,39729,6037,26309,6026
1916,39956,6070,26765,6056
1933,40365,6088,27589,6084
1949,40810,6126,28876,6106
1966,41302,6156,30191,6147
1983,41910,6221,31633,6207
2000,42524,6276,33326,6265
2015,43177,6341,34762,6314
2032,43865,6418,36695,6392
2049,44323,6539,37706,6544
2065,44828,6746,38666,6715
2082,45262,7002,39464,7004
2099,45856,7349,40451,7355
2115,46859,7916,41869,7869
2132,47929,8469,43848,8484
2149,48595,8951,44724,8976
2165,49243,9576,45349,9521
2182,49848,10171,46021,10188
2199,50450,10709,46566,10721
2215,51110,11436,47184,11374
2232,51875,12190,48081,12230
2249,52869,13021,48983,13069
2265,53721,13940,49909,13888
2282,54308,14474,50591,14477
2299,54686,14781,50962,14779
2315,55108,15184,51423,15143
2332,55524,15555,51945,15572
2349,56643,16429,52966,16527
2365,60012,20075,56166,19734
2382,998,26538,63430,26886
2399,5695,30741,65521,30893
2415,7404,32653,65521,32591
2432,8216,33385,65521,33412
2449,8522,33590,65521,33606
2465,8520,33547,65521,33558
2482,8362,33349,65521,33326
2499,8104,33081,65521,33067
2515,7835,32733,65521,32759
2532,7554,32410,65521,32396
2549,7323,32162,65521,32152
2565,7086,31858,65521,31885
2582,6796,31522,65521,31488
2599,6469,31187,65521,31158
2615,6304,30929,65521,30934
2632,6136,30701,65521,30689
2649,5898,30453,65521,30441
2665,5705,30216,65521,30231
2682,5461,29929,65521,29899
2699,5140,29612,65521,29578
2715,4844,29214,65521,29232
2732,4472,28817,65521,28795
2749,4074,28413,65521,28393
2765,3751,28033,65521,28049
2782,3434,27673,65521,27639
2799,3043,27290,65521,27262
2815,2736,26899,65521,26916
2832,2446,26568,65521,26548
2849,2035,26193,65020,26165
2865,1653,25785,64562,25800
2882,1347,25506,64315,25481
2899,1038,25259,63984,25234
2915,846,25027,63824,25031
2932,694,24840,63677,24831
2949,564,24680,63553,24665
2966,462,24526,63510,24530
2982,367,24379,63432,24357
2999,219,24219,63321,24197
3016,111,24052,63236,24060
3031,55,23961,63204,23957
3048,60,23919,63259,23910
3065,85,23903,63307,23888
3081,129,23888,63376,23886
3098,151,23866,63439,23852
3115,113,23797,63426,23788
3131,1,23666,63326,23655
3148,65441,23540,63238,23530
3165,65379,23458,63191,23442
3181,65361,23410,63198,23405
3198,65341,23364,63197,23351
3215,65308,23308,63165,23294
3231,65249,23212,63125,23198
3248,65166,23105,63065,23089
3265,65064,22989,62989,22965
3281,64982,22859,62921,22856
3298,64836,22703,62762,22670
3315,64593,22473,62490,22449
3331,64249,22098,62159,22105
3348,63887,21709,61805,21682
3365,63488,21333,61473,21295
3381,63256,21155,61161,21146
3398,63111,20981,61049,20959
3415,62941,20845,60928,20829
3431,62849,20727,60872,20718
3448,62782,20648,60881,20640
3465,62784,20640,60910,20621
3481,62827,20635,61034,20626
3498,62873,20634,61145,20614
3515,62900,20620,61204,20607
3531,62902,20604,61253,20584
3548,62931,20591,61323,20584
3565,63000,20613,61404,20600
3581,63119,20691,61558,20675
3598,63243,20776,61732,20764
3615,63386,20872,61878,20868
3631,63557,21043,62082,21016
3648,63817,21264,62386,21279
3665,64127,21513,62709,21517
3681,64409,21802,63006,21781
3698,64636,22014,63254,22014
3715,64792,22165,63410,22161
3731,64890,22280,63525,22257
3748,64991,22377,63609,22384
3765,65123,22486,63739,22469
3781,65237,22577,63966,22565
3798,65342,22665,64102,22653
3815,65463,22742,64180,22732
3831,65507,22763,64260,22752
3848,65524,22775,64231,22769
3865,43,22822,64329,22809
3881,107,22891,64380,22874
3898,172,22973,64411,22963
3915,202,23046,64428,23043
3931,188,23088,64380,23074
3948,125,23081,64176,23083
3965,67,23102,64092,23091
3982,80,23146,64132,23139
3998,58,23160,64104,23147
4015,60,23191,64044,23179
4032,92,23242,64109,23232
4047,111,23268,64040,23258
4064,126,23282,64091,23271
4081,227,23355,64315,23348
4097,307,23404,64411,23396
4114,385,23424,64630,23419
4131,499,23433,64685,23434
4147,584,23451,64831,23434
4164,701,23466,64971,23454
4181,878,23499,65242,23488
4197,1089,23589,65521,23578
4214,1256,23655,65521,23649
4231,1294,23597,65521,23583
4247,988,23219,65521,23239
4264,474,22683,64913,22635
4281,37,22350,64363,22321
4297,65486,22280,64193,22272
4314,133,22429,64376,22441
4331,412,22665,64603,22669
4347,646,22871,64866,22845
4364,912,23089,65239,23094
4381,1206,23327,65521,23322
4397,1502,23587,65521,23562
4414,1761,23818,65521,23813
4431,1898,23883,65521,23881
4447,1959,23933,65521,23918
4464,1996,23946,65521,23932
4481,1979,23930,65521,23907
4497,1918,23869,65521,23867
4514,1760,23769,65521,23748
4531,1516,23630,65521,23617
4547,1305,23524,65280,23521
4564,1136,23458,65264,23439
4581,1033,23439,64839,23425
4597,1015,23429,65014,23420
4614,1045,23422,65103,23408
4631,1084,23388,65175,23383
4647,1153,23414,65412,23399
4664,1281,23490,65280,23481
4681,1390,23556,65521,23538
4697,1481,23603,65521,23594
4714,1562,23649,65521,23643
4731,1657,23698,65521,23696
4747,1764,23799,65521,23780
4764,1880,23901,65521,23889
4781,2001,23997,65521,23985
4797,2108,24105,65521,24092
4814,2220,24210,65521,24208
4831,2366,24318,65521,24315
4847,2527,24481,65521,24458
4864,2733,24658,65521,24660
4881,2956,24863,65521,24845
4897,3139,25040,65521,25018
4914,3318,25185,65521,25175
4931,3499,25346,65521,25327
4947,3702,25541,65521,25509
4964,3937,25752,65521,25757
4981,4158,25958,65521,25940
4998,4319,26096,65521,26080
5014,4367,26115,65521,26106
5031,4473,26192,65521,26171
5048,4646,26348,65521,26319
5063,4904,26577,65521,26557
5080,5117,26766,65521,26763
5097,5264,26886,65521,26882
5113,5353,26963,65521,26948
5130,5388,26983,65521,26981
5147,5366,26955,65521,26948
5163,5355,26911,65521,26913
5180,5369,26925,65521,26913
5197,5433,26962,65521,26951
5213,5469,26981,65521,26968
5230,5476,26967,65521,26969
5247,5503,26978,65521,26979
5263,5522,27010,65521,27012
5280,5513,27051,65521,27042
5297,5398,27070,65521,27060
5313,5244,27085,65521,27072
5330,5062,27106,65521,27102
5347,4899,27117,65521,27112
5363,4771,27077,65521,27076
5380,4751,27041,65521,27033
5397,4818,27051,65521,27039
5413,4911,27063,65521,27053
5430,4991,27065,65521,27061
5447,5094,27073,65521,27072
5463,5178,27106,65521,27105
5480,5281,27149,65521,27136
5497,5372,27182,65521,27177
5513,5433,27217,65521,27205
5530,5474,27232,65521,27233
5547,5520,27250,65521,27243
5563,5544,27260,65521,27262
5580,5538,27249,65521,27235
5597,5522,27228,65521,27214
5613,5526,27213,65521,27204
5630,5527,27189,65521,27187
5647,5538,27178,65521,27164
5663,5581,27180,65521,27179
5680,5654,27208,65521,27199
5697,5714,27248,65521,27234
5713,5766,27270,65521,27250
5730,5790,27268,65521,27268
5747,5846,27281,65521,27277
5763,5901,27311,65521,27313
5780,5967,27361,65521,27351
5797,6036,27402,65521,27391
5813,6081,27427,65521,27411
5830,6070,27400,65521,27400
5847,6057,27353,65521,27345
5863,6035,27312,65521,27310
5880,6050,27313,65521,27301
5897,6085,27318,65521,27314
5913,6097,27326,65521,27313
5930,6106,27306,65521,27305
5947,6138,27318,65521,27306
5963,6184,27343,65521,27345
5980,6235,27380,65521,27373
5997,6291,27423,65521,27407
6014,6312,27440,65521,27425
6030,6284,27439,65521,27437
6047,6188,27439,65521,27431
6064,6000,27391,65521,27394
6079,5707,27322,65521,27319
6096,5419,27266,65521,27245
6113,5202,27211,65521,27207
6129,5132,27180,65521,27172
6146,5164,27168,65521,27161
6163,5250,27178,65521,27171
6179,5363,27197,65521,27184
6196,5485,27229,65521,27214
6213,5588,27237,65521,27234
6229,5684,27265,65521,27250
6246,5770,27293,65521,27285
6263,5865,27335,65521,27326
6279,5941,27374,65521,27368
6296,5968,27380,65521,27375
6313,5929,27323,65521,27319
6329,5877,27264,65521,27255
6346,5851,27234,65521,27229
6363,5867,27241,65521,27233
6379,5903,27250,65521,27249
6396,5949,27268,65521,27259
6413,5987,27271,65521,27273
6429,6031,27285,65521,27270
6446,6083,27302,65521,27299
6463,6167,27358,65521,27350
6479,6263,27414,65521,27409
6496,6324,27443,65521,27432
6513,6304,27392,65521,27388
6529,6258,27328,65521,27323
6546,6248,27294,65521,27285
6563,6267,27293,65521,27281
6579,6298,27294,65521,27287
6596,6325,27303,65521,27291
6613,6365,27310,65521,27311
6629,6391,27335,65521,27317
6646,6436,27357,65521,27353
6663,6516,27412,65521,27409
6679,6535,27414,65521,27416
6696,6457,27320,65521,27309
6713,6446,27294,65521,27281
6729,6447,27276,65521,27267
6746,6459,27274,65521,27262
6763,6493,27283,65521,27284
6779,6503,27311,65521,27308
6796,6465,27327,65521,27318
6813,6316,27320,65521,27311
6829,6036,27255,65521,27246
6846,5662,27155,65521,27142
6863,5371,27112,65521,27107
6879,5292,27109,65521,27109
6896,5298,27126,65521,27114
6913,5393,27153,65521,27132
6929,5502,27161,65521,27145
6946,5583,27144,65521,27143
6963,5661,27119,65521,27117
6979,5752,27130,65521,27123
6996,5832,27143,65521,27135
7013,5902,27154,65521,27144
7030,5938,27157,65521,27145
7046,5969,27146,65521,27143
7063,5964,27121,65521,27123
7080,5972,27119,65521,27115
7095,5986,27138,65521,27127
7112,5971,27118,65521,27111
7129,5989,27108,65521,27106
7145,6021,27120,65521,27115
7162,6059,27141,65521,27125
7179,6091,27141,65521,27123
7195,6140,27145,65521,27132
7212,6166,27134,65521,27135
7229,6212,27133,65521,27129
7245,6246,27142,65521,27142
7262,6287,27160,65521,27141
7279,6312,27162,65521,27146
7295,6349,27157,65521,27158
7312,6364,27155,65521,27152
7329,6380,27145,65521,27143
7345,6409,27161,65521,27150
7362,6445,27178,65521,27166
7379,6475,27195,65521,27178
7395,6508,27203,65521,27193
7412,6519,27196,65521,27189
7429,6527,27177,65521,27168
7445,6534,27175,65521,27169
7462,6578,27196,65521,27188
7479,6610,27218,65521,27204
7495,6633,27217,65521,27214
7512,6632,27213,65521,27208
7529,6576,27194,65521,27186
7545,6454,27179,65521,27168
7562,6246,27166,65521,27153
7579,5889,27134,65521,27132
7595,5593,27114,65521,27109
7612,5402,27081,65521,27075
7629,5317,27052,65521,27039
7645,5346,27035,65521,27024
7662,5430,27047,65521,27032
7679,5568,27065,65521,27050
7695,5680,27069,65521,27070
7712,5732,27047,65521,27040
7729,5808,27022,65521,27014
7745,5871,27022,65521,27015
7762,5961,27059,65521,27045
7779,6048,27108,65521,27102
7795,6137,27162,65521,27149
7812,6170,27184,65521,27183
7829,6205,27212,65521,27199
7845,6237,27248,65521,27233
7862,6309,27309,65521,27297
7879,6388,27362,65521,27353
7895,6483,27419,65521,27411
7912,6588,27505,65521,27501
7929,6750,27626,65521,27604
7945,6903,27744,65521,27728
7962,7111,27912,65521,27912
7979,7366,28134,65521,28110
7995,7634,28361,65521,28340
8012,7878,28574,65521,28593
8029,8185,28856,65521,28824
8046,8488,29130,65521,29102
8062,8856,29477,65521,29486
8079,9333,29925,65521,29895
8096,9890,30461,65521,30420
8111,10701,31267,65521,31194
8128,11838,32397,65521,32479
8145,13420,33784,65521,33863
8161,15117,35644,65521,35537
8178,17081,37604,65521,37736
8195,19692,39903,65521,40058
8211,22199,42705,65521,42539
8228,25181,45686,65521,45894
8245,28786,48910,65521,49108
8261,31859,52423,65521,52250
8278,34785,55474,65521,55673
8295,37686,58294,65521,58490
8311,39780,61031,65521,60914
8328,41432,62931,65521,63059
8345,42840,64345,65521,64440
8361,44059,193,65521,162
8378,45031,1135,65521,1211
8395,45837,1759,65521,1835
8411,46397,2289,65521,2305
8428,46745,2567,65521,2603
8445,46962,2682,65521,2704
8461,47079,2723,65521,2763
8478,47148,2711,65521,2727
8495,47097,2601,65521,2626
8511,47089,2532,65521,2558
8528,46963,2387,65521,2406
8545,46832,2224,65521,2267
8561,46719,2104,65521,2142
8578,46616,1991,65521,1999
8595,46535,1899,65521,1924
8611,46446,1775,65521,1808
8628,46331,1628,65521,1643
8645,46135,1382,65521,1423
8661,45917,1121,65521,1168
8678,45657,822,65521,817
8695,45360,491,65521,527
8711,45111,205,65521,237
8728,44924,65519,65521,11
8745,44858,65431,65521,65454
8761,44843,65387,65521,65433
8778,44765,65280,65521,65294
8795,44686,65169,65521,65213
8811,44604,65077,65521,65110
8828,44532,64985,65521,65017
8845,44435,64867,65521,64910
8861,44324,64752,65521,64784
8878,44238,64647,65521,64666
8895,44178,64565,65521,64595
8911,44100,64485,65521,64510
8928,44051,64417,65521,64439
8945,44035,64389,65521,64421
8961,43983,64353,65521,64383
8978,43825,64246,65521,64257
8995,43468,64053,65521,64103
9011,42952,63803,65521,63851
9028,42309,63511,65521,63520
9045,41705,63195,65521,63237
9061,41320,62961,65521,63009
9078,41053,62745,65521,62745
9095,40831,62479,65521,62514
9112,40694,62278,65521,62289
9127,40616,62106,65521,62140
9144,40545,61957,65521,61966
9161,40501,61848,65521,61861
9177,40503,61753,65521,61783
9194,40523,61706,65521,61732
9211,40536,61664,65521,61686
9227,40555,61650,65521,61668
9244,40609,61680,65521,61692
9261,40626,61679,65521,61700
9277,40600,61640,65521,61670
9294,40520,61558,65521,61582
9311,40418,61445,65521,61466
9327,40323,61306,65521,61336
9344,40240,61182,65521,61200
9361,40192,61077,65521,61106
9377,40152,61001,65521,61035
9394,40111,60920,65521,60941
9411,40060,60829,65521,60858
9427,40026,60757,65521,60787
9444,40008,60705,65521,60724
9461,39993,60661,65521,60682
9477,40002,60648,65521,60676
9494,40014,60645,65521,60665
9511,40053,60653,65521,60666
9527,40105,60678,65521,60696
9544,40164,60718,65521,60731
9561,40247,60781,65521,60800
9577,40404,60917,65521,60932
9594,40495,60997,65521,61023
9611,40488,60969,65521,60987
9627,40370,60812,65521,60851
9644,40088,60492,65521,60488
9661,39591,59976,65521,60026
9677,39217,59609,65521,59642
9694,39033,59474,65521,59488
9711,38694,59306,65521,59327
9727,38316,59184,65521,59214
9744,37863,59113,65521,59136
9761,37503,59069,65521,59089
9777,37289,58997,65521,59034
9794,37190,58934,65521,58960
9811,37134,58836,65521,58853
9827,37149,58764,65521,58782
9844,37269,58780,65521,58798
9861,37463,58872,65521,58891
9877,37612,58931,65521,58946
9894,37714,58941,65521,58971
9911,37921,59085,65521,59093
9927,38146,59256,65521,59261
9944,38377,59458,65521,59488
9961,38648,59730,65521,59741
9977,38856,59920,65521,59932
9994,38937,60007,65521,60034
10011,39045,60115,65521,60122
10027,39285,60328,65521,60381
10044,39602,60607,65521,60631
10061,39923,60895,65521,60894
10078,40573,61496,65521,61542
10094,41199,62068,65521,62127
10111,41540,62344,65521,62362
10128,41392,62151,65521,62157
10143,41160,61866,65521,61918
10160,41037,61733,65521,61749
10177,41218,61864,65521,61906
10193,41498,62146,65521,62149
10210,41777,62404,65521,62445
10227,42119,62663,65521,62712
10243,42500,63072,65521,63080
10260,42947,63491,65521,63529
10277,43315,63833,65521,63845
10293,43492,64003,65521,64013
10310,43578,64073,65521,64096
10327,43655,64124,65521,64141
10343,43765,64214,65521,64238
10360,43887,64305,65521,64323
10377,43906,64309,65521,64337
10393,43855,64265,65521,64289
10410,43686,64145,65521,64175
10427,43505,64062,65521,64091
10443,43269,64024,65521,64065
10460,42855,63925,65521,63951
10477,42304,63679,65521,63724
10493,41749,63276,65521,63312
10510,41127,62676,65521,62673
10527,40434,61946,65521,62012
10543,39541,60975,65521,61067
10560,38614,59964,65521,59930
10577,37809,59091,65521,59156
10593,37376,58622,65521,58664
10610,37044,58239,65521,58237
10627,36623,57768,65521,57814
10643,36203,57305,65521,57372
10660,35645,56729,65521,56696
10677,34768,55820,65521,55903
10693,33922,54968,65521,55023
10710,33342,54380,65521,54377
10727,33023,54049,65521,54078
10743,32762,53748,65521,53802
10760,32437,53415,65521,53396
10777,32110,53050,65521,53087
10793,31585,52499,65521,52549
10810,30971,51888,65521,51876
10827,30667,51584,65521,51596
10843,30486,51378,65521,51415
10860,30289,51188,65521,51176
10877,29947,50828,65521,50857
10893,29852,50730,65521,50730
10910,29829,50678,65521,50691
10927,29542,50369,65521,50393
10943,29313,50133,65521,50143
10960,29354,50159,65521,50155
10977,29010,49784,65521,49840
10993,28301,49063,65521,49025
11010,27292,48139,65521,48103
11027,26429,47191,65521,47243
11043,25881,46626,65521,46613
11060,25837,46563,65521,46572
11077,26139,46855,65521,46849
11093,26238,46938,65521,46962
11110,26708,47335,65521,47373
11127,26570,47238,65521,47283
11144,25781,46476,65521,46442
11159,25188,45961,65521,45987
11176,25155,46033,65521,46041
11193,24999,46059,65521,46067
11209,24437,45653,65521,45688
11226,23726,45022,65521,45004
11243,23501,44795,65521,44809
11259,23666,44916,65521,44914
11276,23844,45032,65521,45035
11293,23927,45063,65521,45059
11309,24036,45133,65521,45124
11326,24272,45310,65521,45332
11343,24570,45553,65521,45550
11359,24907,45857,65521,45849
11376,25154,46076,65521,46088
11393,25340,46246,65521,46231
11409,25634,46521,65521,46499
11426,25989,46854,65521,46888
11443,26329,47167,65521,47166
11459,26534,47350,65521,47356
11476,26604,47398,65521,47396
11493,26412,47186,65521,47205
11509,26119,46863,65521,46881
11526,25998,46720,65521,46734
11543,26100,46791,65521,46802
11559,26126,46787,65521,46800
11576,26202,46838,65521,46846
11593,26361,46976,65521,46972
11609,26555,47155,65521,47149
11626,26768,47343,65521,47362
11643,26920,47470,65521,47482
11659,26902,47430,65521,47449
11676,26845,47347,65521,47349
11693,26998,47498,65521,47478
11709,27290,47766,65521,47758
11726,27472,47927,65521,47953
11743,27641,48075,65521,48086
11759,27859,48276,65521,48272
11776,28062,48468,65521,48486
11793,28316,48696,65521,48688
11809,28541,48892,65521,48880
11826,28749,49075,65521,49103
11843,28978,49280,65521,49285
11859,29165,49453,65521,49466
11876,29268,49535,65521,49544
11893,29391,49645,65521,49643
11909,29392,49654,65521,49680
11926,29427,49728,65521,49753
11943,29452,49884,65521,49887
11959,29420,50008,65521,50027
11976,29368,50191,65521,50211
11993,29382,50364,65521,50360
12009,29473,50470,65521,50495
12026,29603,50527,65521,50539
12043,29751,50633,65521,50649
12059,29895,50727,65521,50736
12076,30100,50854,65521,50872
12093,30269,51006,65521,51003
12109,30291,50979,65521,50992
12126,30133,50807,65521,50805
12143,30078,50706,65521,50725
12160,30223,50830,65521,50841
12175,30419,50990,65521,50997
12192,30554,51132,65521,51152
12209,30652,51215,65521,51221
12225,30669,51203,65521,51223
12242,30783,51301,65521,51309
12259,30964,51446,65521,51454
12275,31070,51524,65521,51537
12292,31097,51543,65521,51562
12309,31107,51526,65521,51538
12325,31208,51616,65521,51624
12342,31473,51842,65521,51868
12359,31901,52222,65521,52225
12375,32238,52531,65521,52529
12392,32555,52820,65521,52856
12409,33029,53271,65521,53248
12425,33385,53578,65521,53584
12442,33555,53717,65521,53729
12459,33542,53684,65521,53707
12475,33530,53669,65521,53682
12492,33586,53703,65521,53736
12509,33598,53710,65521,53721
12525,33506,53616,65521,53636
12542,33401,53495,65521,53492
12559,33195,53278,65521,53297
12575,33066,53149,65521,53167
12592,32990,53052,65521,53070
12609,32920,52981,65521,52995
12625,32791,52837,65521,52866
12642,32561,52606,65521,52593
12659,32299,52317,65521,52349
12675,32148,52159,65521,52184
12692,32140,52157,65521,52185
12709,32229,52270,65521,52271
12725,32146,52246,65521,52248
12742,31914,52104,65521,52110
12759,31671,52045,65521,52062
12775,31554,52117,65521,52134
12792,31485,52154,65521,52162
12809,31362,52044,65521,52053
12825,31305,51936,65521,51948
12842,31364,51930,65521,51940
12859,31535,52037,65521,52047
12875,31719,52173,65521,52180
12892,31893,52282,65521,52303
12909,32007,52368,65521,52374
12925,32083,52406,65521,52423
12942,32080,52394,65521,52395
12959,32064,52324,65521,52359
12975,31915,52159,65521,52159
12992,31601,51872,65521,51862
13009,31128,51350,65521,51401
13025,30422,50622,65521,50595
13042,29852,50133,65521,50105
13059,29570,49781,65521,49815
13075,29240,49433,65521,49414
13092,29103,49267,65521,49277
13109,29071,49231,65521,49236
13125,28944,49080,65521,49079
13142,28875,49000,65521,49007
13159,29020,49088,65521,49103
13176,29280,49326,65521,49338
13191,29511,49536,65521,49525
13208,29724,49703,65521,49722
13225,29834,49775,65521,49784
13241,29822,49739,65521,49752
13258,29716,49603,65521,49590
13275,29611,49462,65521,49478
13291,29632,49470,65521,49465
13308,29688,49499,65521,49513
13325,29736,49520,65521,49536
13341,29766,49527,65521,49543
13358,29692,49417,65521,49406
13375,29394,49107,65521,49130
13391,29173,48876,65521,48895
13408,29026,48715,65521,48729
13425,28937,48613,65521,48633
13441,28827,48500,65521,48520
13458,28605,48309,65521,48296
13475,28195,47990,65521,48023
13491,27720,47669,65521,47690
13508,27173,47358,65521,47360
13525,26647,47071,65521,47100
13541,26310,46841,65521,46861
13558,26027,46549,65521,46537
13575,25732,46187,65521,46220
13591,25536,45917,65521,45917
13608,25445,45761,65521,45766
13625,25364,45609,65521,45624
13641,25284,45472,65521,45463
13658,25170,45304,65521,45295
13675,24902,44997,65521,45025
13691,24623,44697,65521,44690
13708,24426,44479,65521,44479
13725,24308,44347,65521,44360
13741,24265,44288,65521,44279
13758,24163,44199,65521,44191
13775,24006,43993,65521,44010
13791,23735,43715,65521,43711
13808,23457,43425,65521,43413
13825,23237,43164,65521,43180
13841,23105,42988,65521,42981
13858,22930,42837,65521,42825
13875,22713,42555,65521,42581
13891,22414,42233,65521,42219
13908,22028,41866,65521,41848
13925,21682,41453,65521,41481
13941,21341,41100,65521,41071
13958,20922,40715,65521,40691
13975,20527,40244,65521,40274
13991,20119,39830,65521,39806
14008,19697,39434,65521,39413
14025,19369,39053,65521,39068
14041,19084,38748,65521,38727
14058,18743,38438,65521,38414
14075,18451,38074,65521,38099
14091,18122,37745,65521,37730
14108,17767,37408,65521,37392
14125,17471,37059,65521,37080
14141,17234,36800,65521,36784
14158,16983,36581,65521,36555
14175,16765,36324,65521,36337
14192,16540,36117,65521,36102
14207,16249,35883,65521,35897
14224,15870,35623,65521,35595
14241,15204,35232,65521,35256
14257,14402,34794,65521,34825
14274,13565,34250,65521,34211
14291,12746,33600,65521,33622
14307,12302,33187,65521,33198
14324,12227,33086,65521,33078
14341,12319,33097,65521,33096
14357,12347,33035,65521,33040
14374,12290,32901,65521,32885
14391,12141,32693,65521,32691
14407,12030,32514,65521,32517
14424,11966,32388,65521,32373
14441,11889,32284,65521,32285
14457,11826,32180,65521,32181
14474,11708,32040,65521,32028
14491,11571,31870,65521,31870
14507,11444,31734,65521,31730
14524,11374,31641,65521,31633
14541,11321,31571,65521,31568
14557,11319,31539,65521,31528
14574,11351,31538,65521,31531
14591,11385,31535,65521,31522
14607,11366,31475,65521,31472
14624,11288,31381,65521,31370
14641,11235,31275,65521,31279
14657,11209,31228,65521,31213
14674,11282,31265,65521,31268
14691,11433,31408,65521,31389
14707,11554,31505,65521,31502
14724,11562,31483,65521,31476
14741,11464,31349,65521,31362
14757,11344,31213,65521,31192
14774,11183,31057,65521,31041
14791,11034,30879,65521,30876
14807,10947,30780,65521,30777
14824,10922,30741,65521,30735
14841,10931,30732,65521,30729
14857,10933,30716,65521,30702
14874,10926,30697,65521,30691
14891,10911,30670,65521,30652
14907,10902,30638,65521,30633
14924,10864,30609,65521,30592
14941,10803,30573,65521,30572
14957,10687,30542,65521,30526
14974,10394,30486,65521,30474
14991,9942,30411,65521,30397
15007,9505,30336,65521,30332
15024,9149,30277,65521,30262
15041,8989,30184,65521,30193
15057,8894,30104,65521,30081
15074,8854,30010,65521,29999
15091,8843,29906,65521,29898
15107,8830,29810,65521,29800
15124,8812,29715,65521,29697
15141,8799,29605,65521,29608
15158,8806,29541,65521,29526
15174,8810,29495,65521,29487
15191,8799,29438,65521,29432
15208,8788,29391,65521,29381
15223,8769,29341,65521,29349
15240,8757,29316,65521,29302
15257,8728,29271,65521,29269
15273,8649,29176,65521,29168
15290,8463,28969,65521,28947
15307,8258,28728,65521,28728
15323,8105,28543,65521,28551
15340,7979,28383,65521,28361
15357,7826,28189,65521,28194
15373,7708,28042,65521,28040
15390,7553,27854,65521,27838
15407,7407,27663,65521,27665
15423,7310,27531,65521,27509
15440,7231,27415,65521,27392
15457,7153,27304,65521,27306
15473,7082,27217,65521,27207
15490,7004,27105,65521,27094
15507,6911,26993,65521,26985
15523,6846,26896,65521,26881
15540,6800,26851,65521,26831
15557,6781,26799,65521,26791
15573,6756,26749,65521,26737
15590,6728,26692,65521,26692
15607,6695,26650,65521,26639
15623,6693,26612,65521,26598
15640,6701,26617,65521,26602
15657,6719,26609,65521,26603
15673,6727,26613,65521,26604
15690,6688,26589,65521,26579
15707,6565,26541,65521,26533
15723,6356,26493,65521,26478
15740,5910,26447,65521,26430
15757,5431,26375,65521,26362
15773,5058,26303,65521,26290
15790,4814,26232,65521,26220
15807,4719,26179,65521,26173
15823,4728,26152,65521,26139
15840,4789,26147,65521,26135
15857,4880,26147,65521,26137
15873,4972,26157,65521,26146
15890,5059,26142,65521,26144
15907,5124,26135,65521,26127
15923,5189,26126,65521,26111
15940,5252,26137,65521,26126
15957,5324,26162,65521,26150
15973,5363,26177,65521,26165
15990,5373,26155,65521,26151
16007,5352,26140,65521,26131
16023,5349,26126,65521,26110
16040,5383,26137,65521,26122
16057,5438,26155,65521,26148
16073,5505,26173,65521,26164
16090,5572,26176,65521,26171
16107,5620,26189,65521,26177
16123,5688,26206,65521,26196
16140,5751,26227,65521,26211
16157,5811,26247,65521,26239
16174,5856,26260,65521,26247
16190,5885,26249,65521,26238
16207,5905,26239,65521,26226
16224,5937,26248,65521,26237
16239,5987,26276,65521,26265
16256,6026,26293,65521,26278
16273,6064,26303,65521,26285
16289,6067,26283,65521,26271
16306,6090,26284,65521,26279
16323,6132,26305,65521,26303
16339,6180,26322,65521,26315
16356,6220,26344,65521,26333
16373,6264,26360,65521,26343
16389,6270,26346,65521,26336
16406,6288,26341,65521,26331
16423,6297,26360,65521,26356
16439,6257,26382,65521,26364
16456,6076,26382,65521,26369
16473,5705,26364,65521,26346
16489,5202,26314,65521,26308
16506,4760,26280,65521,26270
16523,4546,26260,65521,26256
16539,4487,26265,65521,26250
16556,4511,26274,65521,26265
16573,4589,26280,65521,26263
16589,4663,26269,65521,26261
16606,4764,26264,65521,26251
16623,4864,26278,65521,26272
16639,4986,26309,65521,26299
16656,5103,26338,65521,26329
16673,5171,26355,65521,26335
16689,5213,26345,65521,26339
16706,5241,26334,65521,26324
16723,5263,26336,65521,26332
16739,5286,26343,65521,26322
16756,5299,26360,65521,26349
16773,5325,26361,65521,26344
16789,5363,26367,65521,26359
16806,5422,26365,65521,26356
16823,5484,26368,65521,26367
16839,5546,26377,65521,26365
16856,5607,26389,65521,26374
16873,5656,26398,65521,26376
16889,5695,26394,65521,26382
16906,5752,26397,65521,26385
16923,5789,26408,65521,26397
16939,5842,26418,65521,26399
16956,5881,26427,65521,26410
16973,5908,26424,65521,26406
16989,5916,26411,65521,26403
17006,5956,26410,65521,26407
17023,6001,26431,65521,26433
17039,6044,26455,65521,26440
17056,6070,26462,65521,26450
17073,6091,26459,65521,26439
17089,6090,26430,65521,26425
17106,6112,26425,65521,26422
17123,6145,26435,65521,26437
17139,6202,26471,65521,26462
17156,6244,26491,65521,26479
17173,6262,26484,65521,26470
17190,6247,26460,65521,26456
17206,6183,26447,65521,26442
17223,6069,26458,65521,26450
17240,5769,26467,65521,26452
17255,5241,26440,65521,26431
17272,4740,26398,65521,26391
17289,4403,26384,65165,26371
17305,4291,26418,65067,26414
17322,4382,26504,65121,26502
17339,4515,26598,65160,26586
17355,4629,26624,65464,26616
17372,4723,26623,65521,26616
17389,4803,26636,65521,26622
17405,4910,26656,65521,26647
17422,5047,26694,65521,26691
17439,5150,26720,65521,26713
17455,5225,26743,65521,26726
17472,5259,26722,65521,26714
17489,5253,26693,65521,26679
17505,5248,26667,65521,26662
17522,5243,26668,65521,26656
17539,5258,26667,65521,26664
17555,5290,26675,65521,26658
17572,5327,26660,65521,26647
17589,5360,26651,65521,26636
17605,5401,26632,65521,26620
17622,5488,26646,65521,26637
17639,5557,26656,65521,26651
17655,5631,26676,65521,26665
17672,5691,26675,65521,26671
17689,5720,26679,65521,26662
17705,5758,26673,65521,26664
17722,5824,26696,65521,26687
17739,5891,26719,65521,26709
17755,5942,26736,65521,26720
17772,5981,26733,65521,26727
17789,5991,26721,65521,26713
17805,6006,26704,65521,26703
17822,6043,26723,65521,26712
17839,6093,26736,65521,26735
17855,6145,26761,65521,26750
17872,6174,26761,65521,26754
17889,6190,26753,65521,26746
17905,6219,26759,65521,26750
17922,6271,26785,65521,26772
17939,6314,26800,65521,26795
17955,6353,26817,65521,26801
17972,6361,26799,65521,26797
17989,6313,26769,65521,26752
18005,6213,26723,65521,26714
18022,5992,26706,65521,26690
18039,5557,26655,65521,26656
18055,5010,26621,65521,26607
18072,4500,26570,64962,26560
18089,4236,26524,64623,26515
18105,4142,26501,64574,26495
18122,4174,26514,64613,26502
18139,4277,26524,64802,26521
18155,4388,26549,65063,26533
18172,4513,26565,65216,26556
18189,4608,26577,65486,26565
18205,4709,26582,65521,26574
18222,4834,26622,65521,26610
18239,4950,26662,65521,26653
18256,5056,26703,65521,26697
18271,5102,26726,65521,26730
18288,5141,26737,65521,26737
18305,5159,26771,65521,26765
18321,5205,26828,65521,26811
18338,5252,26872,65521,26860
18355,5316,26898,65521,26891
18371,5348,26894,65521,26891
18388,5399,26858,65521,26855
18405,5440,26847,65521,26836
18421,5516,26852,65521,26840
18438,5593,26870,65521,26857
18455,5678,26895,65521,26889
18471,5750,26915,65521,26918
18488,5810,26918,65521,26913
18505,5870,26943,65521,26936
18521,5956,26984,65521,26983
18538,6068,27059,65521,27050
18555,6170,27127,65521,27116
18571,6209,27136,65521,27132
18588,6170,27066,65521,27053
18605,6118,26979,65521,26970
18621,6134,26962,65521,26947
18638,6165,26976,65521,26963
18655,6229,27001,65521,26993
18671,6260,27008,65521,27004
18688,6292,26998,65521,26997
18705,6324,27010,65521,27005
18721,6395,27054,65521,27048
18738,6470,27109,65521,27095
18755,6514,27107,65521,27105
18771,6482,27062,65521,27053
18788,6487,27028,65521,27028
18805,6478,27039,65521,27030
18821,6441,27055,65521,27048
18838,6254,27072,65521,27054
18855,5864,27069,65521,27065
18871,5332,27056,65521,27046
18888,4859,27017,65303,27017
18905,4609,26965,64888,26964
18921,4529,26925,64787,26910
18938,4558,26914,64887,26902
18955,4666,26913,65069,26907
18971,4783,26931,65301,26935
18988,4936,26960,65521,26959
19005,5082,27018,65521,27002
19021,5216,27052,65521,27040
19038,5320,27070,65521,27048
19055,5399,27077,65521,27067
19071,5452,27086,65521,27083
19088,5500,27094,65521,27086
19105,5533,27111,65521,27101
19121,5585,27156,65521,27145
19138,5621,27195,65521,27186
19155,5675,27229,65521,27224
19171,5713,27232,65521,27234
19188,5760,27238,65521,27230
19205,5847,27261,65521,27255
19222,5958,27307,65521,27301
19238,6071,27352,65521,27347
19255,6180,27398,65521,27393
19272,6260,27435,65521,27435
19287,6327,27462,65521,27459
19304,6399,27492,65521,27478
19321,6470,27512,65521,27503
19337,6531,27534,65521,27518
19354,6572,27532,65521,27526
19371,6575,27512,65521,27502
19387,6586,27493,65521,27494
19404,6628,27504,65521,27494
19421,6673,27521,65521,27509
19437,6726,27544,65521,27530
19454,6770,27557,65521,27548
19471,6780,27540,65521,27528
19487,6783,27522,65521,27521
19504,6800,27509,65521,27498
19521,6819,27497,65521,27495
19537,6850,27507,65521,27482
19554,6887,27508,65521,27500
19571,6891,27490,65521,27476
19587,6889,27455,65521,27453
19604,6903,27443,65521,27432
19621,6918,27441,65521,27442
19637,6892,27447,65521,27431
19654,6736,27418,65521,27416
19671,6392,27350,65521,27346
19687,5842,27273,65521,27266
19704,5276,27213,65521,27198
19721,4974,27158,65230,27151
19737,4871,27129,64899,27121
19754,4900,27123,65197,27120
19771,4970,27112,65516,27097
19787,5055,27089,65521,27087
19804,5165,27089,65521,27076
19821,5289,27107,65521,27099
19837,5408,27141,65521,27125
19854,5525,27154,65521,27148
19871,5593,27179,65521,27158
19887,5664,27197,65521,27189
19904,5737,27228,65521,27213
19921,5770,27233,65521,27230
19937,5766,27214,65521,27204
19954,5739,27191,65521,27186
19971,5648,27083,65521,27080
19987,5628,27057,65521,27052
20004,5707,27079,65521,27069
20021,5808,27127,65521,27119
20037,5915,27169,65521,27159
20054,5985,27186,65521,27174
20071,6033,27181,65521,27163
20087,6082,27178,65521,27175
20104,6148,27194,65521,27187
20121,6204,27207,65521,27199
20137,6237,27203,65521,27185
20154,6260,27185,65521,27175
20171,6254,27160,65521,27146
20187,6274,27144,65521,27135
20204,6297,27138,65521,27130
20221,6347,27155,65521,27153
20237,6391,27172,65521,27156
20254,6435,27177,65521,27163
20271,6445,27165,65521,27154
20288,6451,27148,65521,27140
20303,6491,27150,65521,27142
20320,6541,27184,65521,27175
20337,6592,27201,65521,27192
20353,6617,27199,65521,27196
20370,6620,27171,65521,27166
20387,6602,27132,65521,27121
20403,6602,27098,65521,27083
20420,6589,27076,65521,27063
20437,6557,27060,65521,27057
20453,6469,27048,65521,27037
20470,6206,27000,65521,26994
20487,5752,26950,65521,26945
20503,5262,26907,65521,26895
20520,4873,26875,65099,26861
20537,4744,26847,64839,26839
20553,4721,26827,64847,26821
20570,4776,26793,64809,26787
20587,4865,26775,65177,26763
20603,5007,26798,65316,26780
20620,5157,26834,65521,26828
20637,5277,26857,65521,26857
20653,5345,26853,65521,26840
20670,5387,26807,65521,26801
20687,5401,26785,65521,26771
20703,5445,26773,65521,26756
20720,5484,26794,65521,26780
20737,5521,26802,65521,26798
20753,5495,26773,65521,26765
20770,5442,26704,65521,26700
20787,5442,26686,65521,26676
20803,5511,26709,65521,26695
20820,5590,26741,65521,26728
20837,5672,26772,65521,26766
20853,5752,26802,65521,26801
20870,5805,26796,65521,26790
20887,5830,26784,65521,26774
20903,5874,26787,65521,26772
20920,5947,26816,65521,26808
20937,6014,26836,65521,26832
20953,6069,26860,65521,26857
20970,6121,26881,65521,26858
20987,6178,26905,65521,26885
21003,6264,26960,65521,26947
21020,6363,27027,65521,27019
21037,6419,27061,65521,27050
21053,6453,27068,65521,27065
21070,6491,27084,65521,27070
21087,6517,27086,65521,27078
21103,6562,27107,65521,27094
21120,6607,27125,65521,27120
21137,6647,27149,65521,27133
21153,6671,27153,65521,27143
21170,6690,27141,65521,27126
21187,6686,27111,65521,27101
21203,6686,27093,65521,27077
21220,6652,27078,65521,27066
21237,6576,27072,65521,27063
21253,6375,27059,65521,27052
21270,5911,27020,65521,27016
21287,5408,26976,65521,26967
21304,5080,26969,65226,26956
21319,4945,26987,64911,26974
21336,4939,27006,65011,26998
21353,5007,27022,65235,27009
21369,5082,26998,65514,26989
21386,5189,26974,65500,26964
21403,5290,26973,65521,26968
21419,5394,26986,65521,26971
21436,5499,27011,65521,27001
21453,5591,27020,65521,27015
21469,5650,27033,65521,27031
21486,5727,27053,65521,27050
21503,5810,27107,65521,27101
21519,5885,27154,65521,27138
21536,5902,27159,65521,27152
21553,5864,27104,65521,27088
21569,5834,27052,65521,27050
21586,5848,27024,65521,27012
21603,5903,27026,65521,27022
21619,5972,27051,65521,27037
21636,6053,27081,65521,27067
21653,6116,27110,65521,27091
21669,6184,27129,65521,27131
21686,6270,27167,65521,27154
21703,6324,27171,65521,27173
21719,6343,27158,65521,27145
21736,6378,27152,65521,27142
21753,6395,27144,65521,27129
21769,6408,27131,65521,27133
21786,6451,27131,65521,27120
21803,6491,27146,65521,27143
21819,6552,27181,65521,27166
21836,6592,27201,65521,27197
21853,6622,27211,65521,27197
21869,6624,27186,65521,27178
21886,6623,27157,65521,27148
21903,6637,27139,65521,27137
21919,6662,27143,65521,27137
21936,6684,27139,65521,27135
21953,6679,27121,65521,27105
21969,6657,27078,65521,27073
21986,6663,27054,65521,27042
22003,6637,27037,65521,27039
22019,6576,27038,65521,27024
22036,6394,27028,65521,27019
22053,6052,27003,65521,26990
22069,5585,26946,65521,26933
22086,5161,26878,65287,26876
22103,4981,26862,64881,26860
22119,4972,26894,65004,26880
22136,5048,26920,65103,26914
22153,5143,26927,65521,26914
22169,5202,26884,65288,26880
22186,5274,26842,65521,26826
22203,5346,26823,65521,26824
22219,5426,26834,65521,26820
22236,5498,26830,65521,26823
22253,5543,26831,65521,26818
22269,5568,26811,65521,26804
22286,5593,26805,65521,26797
22303,5637,26819,65521,26814
22320,5671,26847,65521,26839
22335,5709,26879,65521,26869
22352,5765,26896,65521,26900
22369,5805,26917,65521,26905
22385,5834,26899,65521,26884
22402,5845,26860,65521,26848
22419,5881,26846,65521,26837
22435,5931,26857,65521,26844
22452,5982,26847,65521,26845
22469,6016,26842,65521,26830
22485,6058,26849,65521,26843
22502,6141,26895,65521,26880
22519,6219,26937,65521,26935
22535,6300,26990,65521,26980
22552,6349,26999,65521,26990
22569,6338,26968,65521,26958
22585,6335,26933,65521,26924
22602,6370,26944,65521,26932
22619,6420,26969,65521,26964
22635,6481,27005,65521,26996
22652,6520,27015,65521,27011
22669,6533,27013,65521,26999
22685,6547,26992,65521,26986
22702,6575,26999,65521,27002
22719,6621,27029,65521,27018
22735,6647,27033,65521,27018
22752,6650,27029,65521,27018
22769,6584,27006,65521,26987
22785,6444,26972,65521,26960
22802,6110,26949,65521,26950
22819,5647,26925,65521,26922
22835,5244,26908,65370,26893
22852,4944,26881,64809,26875
22869,4840,26860,64585,26849
22885,4833,26840,64725,26835
22902,4924,26850,64794,26845
22919,5050,26878,65113,26868
22935,5169,26900,65286,26890
22952,5277,26907,65283,26888
22969,5353,26890,65521,26882
22985,5441,26897,65521,26888
23002,5534,26918,65521,26915
23019,5613,26948,65521,26948
23035,5676,26977,65521,26961
23052,5701,26975,65521,26966
23069,5705,26968,65521,26956
23085,5714,26971,65521,26962
23102,5744,26981,65521,26982
23119,5792,26998,65521,26989
23135,5857,27016,65521,27003
23152,5919,27034,65521,27010
23169,5965,27015,65521,27003
23185,6010,27015,65521,27007
23202,6096,27046,65521,27037
23219,6174,27077,65521,27069
23235,6238,27104,65521,27092
23252,6301,27127,65521,27111
23269,6345,27138,65521,27118
23285,6391,27148,65521,27138
23302,6431,27147,65521,27155
23319,6475,27174,65521,27170
23336,6527,27192,65521,27185
23351,6542,27194,65521,27193
23368,6572,27180,65521,27184
23385,6598,27194,65521,27187
23401,6660,27224,65521,27210
23418,6711,27250,65521,27233
23435,6754,27262,65521,27250
23451,6774,27263,65521,27261
23468,6796,27256,65521,27252
23485,6809,27249,65521,27238
23501,6801,27262,65521,27246
23518,6719,27263,65521,27246
23535,6513,27237,65521,27229
23551,6062,27190,65521,27184
23568,5478,27120,65521,27114
23585,5056,27061,64716,27058
23601,4840,27033,64513,27022
23618,4760,27019,64461,27010
23635,4806,27039,64492,27029
23651,4865,27020,64617,27018
23668,4948,26999,64748,26989
23685,5019,26982,65028,26982
23701,5130,27001,64990,26996
23718,5233,27020,65288,27011
23735,5320,27032,65356,27018
23751,5376,27015,65521,27020
23768,5421,27006,65521,26994
23785,5442,26998,65521,26992
23801,5471,27017,65521,26999
23818,5481,27014,65521,27010
23835,5480,27026,65521,27015
23851,5477,27009,65521,27007
23868,5515,27007,65521,26990
23885,5568,27007,65521,27001
23901,5650,27027,65521,27019
23918,5732,27038,65521,27033
23935,5813,27061,65521,27050
23951,5858,27053,65521,27044
23968,5907,27048,65521,27029
23985,5939,27037,65521,27026
24001,6007,27057,65521,27050
24018,6063,27067,65521,27062
24035,6103,27080,65521,27071
24051,6123,27076,65521,27065
24068,6152,27067,65521,27052
24085,6171,27049,65521,27043
24101,6202,27066,65521,27055
24118,6244,27074,65521,27068
24135,6287,27088,65521,27080
24151,6306,27082,65521,27073
24168,6327,27078,65521,27064
24185,6352,27079,65521,27069
24201,6410,27096,65521,27088
24218,6438,27100,65521,27093
24235,6459,27100,65521,27096
24251,6433,27084,65521,27085
24268,6324,27071,65521,27060
24285,6072,27038,65521,27031
24301,5614,27016,65521,27000
24318,5045,26965,64764,26965
24335,4676,26941,64284,26926
24352,4454,26897,64023,26896
24367,4386,26871,63971,26868
24384,4423,26868,63906,26859
24401,4515,26887,64151,26880
24417,4624,26902,64280,26894
24434,4719,26907,64453,26897
24451,4794,26899,64571,26884
24467,4863,26891,64767,26889
24484,4952,26887,64848,26878
24501,5031,26902,64853,26898
24517,5091,26921,64953,26906
24534,5116,26913,65151,26903
24551,5109,26901,64932,26886
24567,5095,26881,65076,26880
24584,5081,26878,64927,26868
24601,5109,26894,65044,26885
24617,5174,26916,65113,26900
24634,5245,26926,65419,26919
24651,5291,26915,65351,26901
24667,5347,26905,65371,26906
24684,5443,26922,65521,26908
24701,5516,26936,65521,26928
24717,5608,26963,65521,26952
24734,5675,26990,65521,26983
24751,5710,26981,65521,26967
24767,5736,26963,65521,26957
24784,5793,26969,65521,26954
24801,5849,26987,65521,26983
24817,5898,27006,65521,26992
24834,5931,27016,65521,27006
24851,5956,27007,65521,26987
24867,5969,26996,65521,26986
24884,6012,27004,65521,26988
24901,6062,27017,65521,27013
24917,6110,27036,65521,27025
24934,6150,27051,65521,27040
24951,6175,27047,65521,27033
24967,6198,27037,65521,27029
24984,6212,27016,65521,27007
25001,6242,27018,65521,27014
25017,6201,26996,65521,26969
25034,6010,26888,65521,26887
25051,5686,26791,65521,26781
25067,5164,26697,64873,26688
25084,4580,26616,64221,26613
25101,4203,26581,63645,26581
25117,4007,26558,63426,26548
25134,3974,26557,63405,26550
25151,4017,26561,63514,26556
25167,4096,26553,63632,26551
25184,4208,26563,63818,26553
25201,4321,26589,64031,26580
25217,4443,26626,64072,26611
25234,4566,26649,64288,26641
25251,4639,26645,64385,26640
25267,4706,26633,64480,26629
25284,4751,26632,64564,26626
25301,4788,26647,64608,26638
25317,4811,26662,64577,26651
25334,4820,26666,64538,26656
25351,4801,26648,64565,26647
25368,4807,26629,64637,26625
25383,4836,26626,64578,26616
25400,4897,26626,64701,26622
25417,4980,26656,64741,26654
25433,5058,26673,64925,26662
25450,5115,26658,65055,26645
25467,5172,26655,65104,26651
25483,5255,26678,65304,26664
25500,5317,26695,65505,26688
25517,5389,26719,65492,26715
25533,5433,26731,65521,26720
25550,5471,26725,65521,26707
25567,5499,26720,65521,26702
25583,5544,26733,65521,26722
25600,5594,26753,65521,26745
25617,5642,26767,65521,26762
25633,5672,26769,65521,26770
25650,5691,26761,65521,26750
25667,5709,26750,65521,26732
25683,5732,26749,65521,26735
25700,5769,26750,65521,26749
25717,5817,26775,65521,26764
25733,5845,26779,65521,26772
25750,5867,26767,65521,26751
25767,5872,26745,65521,26735
25783,5899,26744,65521,26727
25800,5854,26735,65521,26729
25817,5776,26730,65521,26727
25833,5544,26703,65521,26701
25850,5054,26646,64780,26641
25867,4581,26583,64102,26573
25883,4239,26534,63698,26518
25900,4048,26516,63452,26514
25917,4036,26524,63458,26516
25933,4076,26519,63543,26515
25950,4160,26505,63654,26489
25967,4255,26497,63810,26487
25983,4378,26519,64021,26505
26000,4501,26544,64182,26534
26017,4622,26565,64339,26560
26033,4713,26589,64466,26581
26050,4782,26593,64485,26584
26067,4825,26589,64581,26587
26083,4864,26604,64626,26594
26100,4892,26628,64608,26619
26117,4934,26655,64669,26640
26133,4945,26672,64685,26670
26150,4977,26680,64759,26661
26167,5021,26671,64734,26668
26183,5098,26693,64866,26683
26200,5199,26734,64880,26724
26217,5296,26771,65378,26753
26233,5384,26792,65491,26785
26250,5439,26805,65284,26793
26267,5485,26797,65521,26794
26283,5539,26813,65521,26796
26300,5598,26830,65521,26814
26317,5668,26858,65521,26842
26334,5726,26876,65521,26867
26350,5736,26863,65521,26856
26367,5750,26849,65521,26843
26384,5790,26861,65521,26844
26399,5837,26879,65521,26863
26416,5881,26896,65521,26887
26433,5904,26900,65521,26884
26449,5926,26887,65521,26884
26466,5971,26903,65521,26881
26483,6029,26922,65521,26918
26499,6086,26954,65521,26939
26516,6133,26968,65521,26960
26533,6144,26964,65521,26948
26549,6122,26942,65521,26932
26566,6035,26918,65521,26915
26583,5842,26895,65521,26895
26599,5448,26872,65334,26860
26616,4914,26824,64435,26820
26633,4524,26785,63870,26771
26649,4276,26733,63594,26728
26666,4170,26709,63498,26690
26683,4189,26692,63559,26693
26699,4275,26709,63669,26697
26716,4387,26725,63917,26716
26733,4483,26732,64022,26716
26749,4559,26711,64151,26709
26766,4670,26715,64277,26705
26783,4757,26718,64340,26715
26799,4843,26735,64546,26725
26816,4916,26756,64597,26745
26833,4947,26755,64672,26745
26849,4944,26734,64570,26729
26866,4943,26723,64627,26707
26883,4953,26717,64567,26715
26899,4994,26741,64690,26730
26916,5047,26752,64851,26742
26933,5110,26766,64956,26750
26949,5163,26754,64975,26752
26966,5231,26756,64986,26745
26983,5310,26763,65169,26753
26999,5384,26787,65490,26774
27016,5456,26802,65432,26797
27033,5498,26808,65516,26801
27049,5536,26788,65521,26792
27066,5559,26788,65521,26774
27083,5616,26794,65521,26787
27099,5664,26818,65521,26808
27116,5712,26834,65521,26828
27133,5746,26845,65521,26843
27149,5784,26833,65521,26833
27166,5799,26838,65521,26817
27183,5829,26845,65521,26828
27199,5890,26873,65521,26860
27216,5934,26897,65521,26884
27233,5993,26913,65521,26910
27249,6028,26907,65521,26912
27266,6048,26909,65521,26897
27283,6090,26922,65521,26905
27299,6120,26943,65521,26931
27316,6100,26941,65521,26940
27333,5985,26936,65521,26922
27350,5673,26895,65521,26886
27366,5187,26857,64854,26852
27383,4750,26824,64117,26808
27400,4390,26799,63693,26789
27415,4258,26795,63501,26779
27432,4207,26781,63461,26770
27449,4226,26763,63539,26742
27465,4295,26747,63632,26744
27482,4399,26751,63794,26749
27499,4491,26747,63941,26747
27515,4615,26779,64125,26768
27532,4732,26795,64323,26781
27549,4798,26780,64390,26769
27565,4863,26781,64567,26786
27582,4906,26770,64494,26772
27599,4937,26780,64559,26770
27615,4980,26801,64467,26795
27632,4983,26792,64567,26782
27649,5001,26791,64603,26783
27665,5005,26766,64596,26762
27682,5060,26779,64795,26776
27699,5150,26817,64857,26808
27715,5228,26836,64977,26823
27732,5300,26843,65065,26828
27749,5342,26825,65191,26807
27765,5388,26822,65140,26818
27782,5459,26831,65446,26832
27799,5535,26859,65324,26855
27815,5584,26875,65521,26865
27832,5627,26885,65521,26866
27849,5646,26871,65521,26864
27865,5669,26863,65521,26853
27882,5714,26875,65521,26868
27899,5768,26896,65521,26884
27915,5813,26909,65521,26899
27932,5840,26905,65521,26895
27949,5848,26901,65521,26898
27965,5877,26891,65521,26885
27982,5913,26904,65521,26906
27999,5975,26939,65521,26918
28015,6015,26957,65521,26944
28032,6051,26958,65521,26942
28049,6063,26946,65521,26940
28065,6073,26932,65521,26927
28082,6054,26931,65521,26931
28099,5992,26940,65521,26926
28115,5770,26940,65521,26923
28132,5361,26902,65024,26884
28149,4895,26836,64165,26825
28165,4525,26791,63780,26785
28182,4353,26775,63575,26772
28199,4325,26775,63568,26762
28215,4385,26789,63672,26777
28232,4480,26799,63864,26781
28249,4559,26780,63915,26775
28265,4668,26774,64082,26776
28282,4785,26800,64265,26795
28299,4907,26827,64448,26816
28315,5010,26845,64539,26838
28332,5076,26854,64718,26834
28349,5107,26846,64759,26847
28366,5156,26843,64783,26840
28382,5182,26856,64808,26854
28399,5215,26869,64857,26857
28416,5253,26894,64911,26883
28431,5279,26893,64955,26886
28448,5315,26879,64909,26874
28465,5367,26881,64915,26875
28481,5446,26905,65307,26899
28498,5549,26936,65456,26931
28515,5613,26967,65280,26955
28531,5659,26964,65521,26965
28548,5710,26972,65521,26956
28565,5765,26985,65521,26974
28581,5826,27011,65521,26999
28598,5880,27027,65521,27019
28615,5935,27047,65521,27038
28631,5965,27050,65521,27040
28648,5992,27050,65521,27037
28665,6021,27044,65521,27040
28681,6063,27070,65521,27064
28698,6116,27090,65521,27081
28715,6158,27113,65521,27100
28731,6184,27116,65521,27113
28748,6209,27113,65521,27102
28765,6246,27117,65521,27111
28781,6291,27153,65521,27126
28798,6336,27157,65521,27151
28815,6374,27171,65521,27159
28831,6385,27152,65521,27148
28848,6337,27140,65521,27124
28865,6249,27117,65521,27110
28881,6062,27112,65521,27095
28898,5743,27095,65492,27087
28915,5354,27058,64746,27046
28931,5045,27028,64386,27027
28948,4882,27008,64193,26994
28965,4853,26986,64183,26981
28981,4928,26996,64236,26991
28998,5052,27019,64475,27014
29015,5172,27042,64707,27034
29031,5296,27045,64810,27040
29048,5367,27051,64775,27042
29065,5449,27054,65184,27046
29081,5536,27070,65122,27055
29098,5588,27072,65320,27067
29115,5628,27065,65510,27050
29131,5624,27029,65519,27025
29148,5601,27000,65397,26987
29165,5585,26976,65521,26968
29181,5607,26991,65504,26979
29198,5662,26990,65397,26987
29215,5719,27015,65521,27007
29231,5795,27026,65521,27020
29248,5834,27041,65521,27025
29265,5886,27036,65521,27033
29281,5953,27068,65521,27058
29298,6025,27093,65521,27085
29315,6090,27117,65521,27106
29331,6134,27121,65521,27113
29348,6142,27109,65521,27097
29365,6167,27107,65521,27096
29381,6210,27120,65521,27100
29398,6258,27127,65521,27120
29415,6265,27122,65521,27111
29432,6272,27090,65521,27086
29447,6244,27057,65521,27050
29464,6264,27046,65521,27032
29481,6287,27041,65521,27035
29497,6311,27038,65521,27025
29514,6322,27031,65521,27025
29531,6332,27016,65521,27007
29547,6338,27000,65521,26995
29564,6357,26990,65521,26979
29581,6380,26984,65521,26984
29597,6407,26996,65521,26978
29614,6381,26985,65521,26984
29631,6293,26971,65521,26970
29647,6120,26947,65521,26940
29664,5778,26914,65521,26908
29681,5421,26909,64844,26895
29697,5171,26905,64522,26893
29714,5024,26910,64431,26903
29731,5015,26912,64373,26905
29747,5094,26896,64604,26891
29764,5192,26911,64674,26902
29781,5313,26935,64841,26922
29797,5447,26966,65055,26952
29814,5550,26984,65239,26972
29831,5623,26984,65500,26982
29847,5699,26983,65280,26977
29864,5735,26992,65521,26974
29881,5796,27010,65521,26989
29897,5825,27017,65521,27003
29914,5860,27031,65521,27022
29931,5871,27037,65521,27032
29947,5883,27017,65521,27013
29964,5900,27015,65521,27005
29981,5959,27035,65521,27019
29997,6008,27058,65521,27041
